video_id,sequence_id,total_frames,run_up_start,run_up_end,gather_start,gather_end,delivery_stride_start,delivery_stride_end,release_start,release_end,follow_through_start,follow_through_end,average_confidence,low_confidence_boundaries,detection_status
General1,General1_seq_01,76,1,19,20,33,34,44,45,47,48,76,0.9,0,GOOD
General2,General2_seq_01,94,1,27,28,38,39,47,48,50,51,94,0.94,0,GOOD
General2,General2_seq_03,40,101,104,105,112,113,123,124,135,136,140,0.89,0,GOOD
General2,General2_seq_04,17,144,145,146,150,151,152,153,157,158,160,0.85,1,GOOD
General2,General2_seq_05,15,163,163,164,164,165,165,166,167,168,177,0.82,1,GOOD
General3,General3_seq_01,82,1,13,14,27,28,28,29,30,31,82,0.92,0,GOOD
General3,General3_seq_02,11,84,85,86,88,89,90,91,92,93,94,0.54,5,REVIEW
General3,General3_seq_04,23,101,115,116,116,117,119,120,122,123,123,0.82,1,GOOD
S_v5,S_v5_seq_01,50,1,11,12,17,18,29,30,39,40,50,0.94,0,GOOD
s_v1,s_v1_seq_01,170,1,130,131,134,135,144,145,146,147,170,0.83,1,GOOD
s_v2,s_v2_seq_01,126,1,74,75,88,89,99,100,101,102,126,0.86,1,GOOD
s_v2,s_v2_seq_02,76,130,144,145,147,148,159,160,168,169,205,0.89,0,GOOD
s_v2,s_v2_seq_03,108,214,242,243,244,245,254,255,256,257,321,0.87,0,GOOD
s_v2,s_v2_seq_09,12,354,354,355,355,356,356,357,358,359,365,0.6,3,REVIEW
s_v2,s_v2_seq_10,10,368,370,371,372,373,373,374,376,377,377,0.49,5,REVIEW
s_v2,s_v2_seq_12,5,394,394,395,395,396,396,397,397,398,398,0.3,5,REVIEW
s_v2,s_v2_seq_17,8,434,434,435,435,436,436,437,437,438,441,0.39,5,REVIEW
s_v2,s_v2_seq_19,7,455,455,456,457,458,458,459,460,461,461,0.36,5,REVIEW
s_v3,s_v3_seq_01,12,1,1,2,2,3,5,6,9,10,12,0.61,3,REVIEW
s_v3,s_v3_seq_02,77,14,50,51,60,61,70,71,72,73,90,0.9,0,GOOD
s_v4,s_v4_seq_01,5,5,5,6,6,7,7,8,8,9,9,0.3,5,REVIEW
s_v4,s_v4_seq_02,49,11,14,15,20,21,32,33,41,42,59,0.92,0,GOOD
s_v6,s_v6_seq_06,19,158,158,159,162,163,165,166,170,171,176,0.85,1,GOOD
s_v6,s_v6_seq_08,9,180,180,181,181,182,182,183,184,185,188,0.44,5,REVIEW
s_v6,s_v6_seq_13,10,276,278,279,281,282,283,284,284,285,285,0.55,5,REVIEW
s_v6,s_v6_seq_14,34,288,298,299,299,300,305,306,309,310,321,0.9,0,GOOD
s_v6,s_v6_seq_15,19,324,330,331,333,334,337,338,340,341,342,0.82,1,GOOD
s_v6,s_v6_seq_17,16,368,370,371,374,375,378,379,381,382,383,0.84,1,GOOD
s_v6,s_v6_seq_18,11,390,394,395,397,398,398,399,399,400,400,0.59,3,REVIEW
s_v6,s_v6_seq_21,43,416,416,417,417,418,418,419,427,428,458,0.83,1,GOOD
s_v6,s_v6_seq_22,7,460,460,461,462,463,463,464,465,466,466,0.37,5,REVIEW
s_v7,s_v7_seq_01,43,1,24,25,32,33,39,40,40,41,43,0.9,1,GOOD
s_v7,s_v7_seq_02,33,46,52,53,61,62,70,71,74,75,78,0.92,0,GOOD
General2,General2_seq_02,4,,,,,,,,,,,,,SKIPPED_TOO_SHORT
General3,General3_seq_03,1,,,,,,,,,,,,,SKIPPED_TOO_SHORT
General3,General3_seq_05,2,,,,,,,,,,,,,SKIPPED_TOO_SHORT
General3,General3_seq_06,2,,,,,,,,,,,,,SKIPPED_TOO_SHORT
General3,General3_seq_07,4,,,,,,,,,,,,,SKIPPED_TOO_SHORT
General3,General3_seq_08,2,,,,,,,,,,,,,SKIPPED_TOO_SHORT
s_v1,s_v1_seq_02,3,,,,,,,,,,,,,SKIPPED_TOO_SHORT
s_v1,s_v1_seq_03,1,,,,,,,,,,,,,SKIPPED_TOO_SHORT
s_v1,s_v1_seq_04,1,,,,,,,,,,,,,SKIPPED_TOO_SHORT
s_v1,s_v1_seq_05,1,,,,,,,,,,,,,SKIPPED_TOO_SHORT
s_v2,s_v2_seq_04,2,,,,,,,,,,,,,SKIPPED_TOO_SHORT
s_v2,s_v2_seq_05,1,,,,,,,,,,,,,SKIPPED_TOO_SHORT
s_v2,s_v2_seq_06,1,,,,,,,,,,,,,SKIPPED_TOO_SHORT
s_v2,s_v2_seq_07,2,,,,,,,,,,,,,SKIPPED_TOO_SHORT
s_v2,s_v2_seq_08,4,,,,,,,,,,,,,SKIPPED_TOO_SHORT
s_v2,s_v2_seq_11,2,,,,,,,,,,,,,SKIPPED_TOO_SHORT
s_v2,s_v2_seq_13,2,,,,,,,,,,,,,SKIPPED_TOO_SHORT
s_v2,s_v2_seq_14,1,,,,,,,,,,,,,SKIPPED_TOO_SHORT
s_v2,s_v2_seq_15,2,,,,,,,,,,,,,SKIPPED_TOO_SHORT
s_v2,s_v2_seq_16,4,,,,,,,,,,,,,SKIPPED_TOO_SHORT
s_v2,s_v2_seq_18,2,,,,,,,,,,,,,SKIPPED_TOO_SHORT
s_v2,s_v2_seq_20,1,,,,,,,,,,,,,SKIPPED_TOO_SHORT
s_v2,s_v2_seq_21,3,,,,,,,,,,,,,SKIPPED_TOO_SHORT
s_v2,s_v2_seq_22,1,,,,,,,,,,,,,SKIPPED_TOO_SHORT
s_v2,s_v2_seq_23,1,,,,,,,,,,,,,SKIPPED_TOO_SHORT
s_v6,s_v6_seq_01,1,,,,,,,,,,,,,SKIPPED_TOO_SHORT
s_v6,s_v6_seq_02,3,,,,,,,,,,,,,SKIPPED_TOO_SHORT
s_v6,s_v6_seq_03,2,,,,,,,,,,,,,SKIPPED_TOO_SHORT
s_v6,s_v6_seq_04,2,,,,,,,,,,,,,SKIPPED_TOO_SHORT
s_v6,s_v6_seq_05,1,,,,,,,,,,,,,SKIPPED_TOO_SHORT
s_v6,s_v6_seq_07,1,,,,,,,,,,,,,SKIPPED_TOO_SHORT
s_v6,s_v6_seq_09,1,,,,,,,,,,,,,SKIPPED_TOO_SHORT
s_v6,s_v6_seq_10,1,,,,,,,,,,,,,SKIPPED_TOO_SHORT
s_v6,s_v6_seq_11,2,,,,,,,,,,,,,SKIPPED_TOO_SHORT
s_v6,s_v6_seq_12,2,,,,,,,,,,,,,SKIPPED_TOO_SHORT
s_v6,s_v6_seq_16,2,,,,,,,,,,,,,SKIPPED_TOO_SHORT
s_v6,s_v6_seq_19,2,,,,,,,,,,,,,SKIPPED_TOO_SHORT
s_v6,s_v6_seq_20,2,,,,,,,,,,,,,SKIPPED_TOO_SHORT
s_v6,s_v6_seq_23,1,,,,,,,,,,,,,SKIPPED_TOO_SHORT
s_v6,s_v6_seq_24,2,,,,,,,,,,,,,SKIPPED_TOO_SHORT
