video_id,sequence_id,start_frame,end_frame,phase_label,annotator,notes
General2,General2_seq_01,1,27,RUN_UP,Annotator_1,Verified by human review
General2,General2_seq_01,28,38,GATHER,Annotator_1,Verified by human review
General2,General2_seq_01,39,47,DELIVERY_STRIDE,Annotator_1,Verified by human review
General2,General2_seq_01,48,50,RELEASE,Annotator_1,Verified by human review
General2,General2_seq_01,51,94,FOLLOW_THROUGH,Annotator_1,Verified by human review
General2,General2_seq_03,101,104,RUN_UP,Annotator_1,Verified by human review
General2,General2_seq_03,105,112,GATHER,Annotator_1,Verified by human review
General2,General2_seq_03,113,123,DELIVERY_STRIDE,Annotator_1,Verified by human review
General2,General2_seq_03,124,135,RELEASE,Annotator_1,Verified by human review
General2,General2_seq_03,136,140,FOLLOW_THROUGH,Annotator_1,Verified by human review
General2,General2_seq_05,163,163,RUN_UP,Annotator_1,Verified by human review
General2,General2_seq_05,164,164,GATHER,Annotator_1,Verified by human review
General2,General2_seq_05,165,165,DELIVERY_STRIDE,Annotator_1,Verified by human review
General2,General2_seq_05,166,167,RELEASE,Annotator_1,Verified by human review
General2,General2_seq_05,168,177,FOLLOW_THROUGH,Annotator_1,Verified by human review
General1,General1_seq_01,1,19,RUN_UP,Annotator_1,Verified by human review
General1,General1_seq_01,20,33,GATHER,Annotator_1,Verified by human review
General1,General1_seq_01,34,44,DELIVERY_STRIDE,Annotator_1,Verified by human review
General1,General1_seq_01,45,47,RELEASE,Annotator_1,Verified by human review
General1,General1_seq_01,48,76,FOLLOW_THROUGH,Annotator_1,Verified by human review
General2,General2_seq_02,96,99,FOLLOW_THROUGH,Annotator_1,Verified by human review
General2,General2_seq_04,144,145,RUN_UP,Annotator_1,Verified by human review
General2,General2_seq_04,146,150,GATHER,Annotator_1,Verified by human review
General2,General2_seq_04,151,152,DELIVERY_STRIDE,Annotator_1,Verified by human review
General2,General2_seq_04,153,157,RELEASE,Annotator_1,Verified by human review
General2,General2_seq_04,158,160,FOLLOW_THROUGH,Annotator_1,Verified by human review
General3,General3_seq_01,1,13,RUN_UP,Annotator_1,Verified by human review
General3,General3_seq_01,14,27,GATHER,Annotator_1,Verified by human review
General3,General3_seq_01,28,28,DELIVERY_STRIDE,Annotator_1,Verified by human review
General3,General3_seq_01,29,30,RELEASE,Annotator_1,Verified by human review
General3,General3_seq_01,31,82,FOLLOW_THROUGH,Annotator_1,Verified by human review
General3,General3_seq_02,84,85,RUN_UP,Annotator_1,Verified by human review
General3,General3_seq_02,86,88,GATHER,Annotator_1,Verified by human review
General3,General3_seq_02,89,90,DELIVERY_STRIDE,Annotator_1,Verified by human review
General3,General3_seq_02,91,92,RELEASE,Annotator_1,Verified by human review
General3,General3_seq_02,93,94,FOLLOW_THROUGH,Annotator_1,Verified by human review
General3,General3_seq_03,97,97,FOLLOW_THROUGH,Annotator_1,Verified by human review
General3,General3_seq_04,101,115,RUN_UP,Annotator_1,Verified by human review
General3,General3_seq_04,116,116,GATHER,Annotator_1,Verified by human review
General3,General3_seq_04,117,119,DELIVERY_STRIDE,Annotator_1,Verified by human review
General3,General3_seq_04,120,122,RELEASE,Annotator_1,Verified by human review
General3,General3_seq_04,123,123,FOLLOW_THROUGH,Annotator_1,Verified by human review
General3,General3_seq_05,126,127,FOLLOW_THROUGH,Annotator_1,Verified by human review
General3,General3_seq_06,129,130,FOLLOW_THROUGH,Annotator_1,Verified by human review
General3,General3_seq_07,134,137,FOLLOW_THROUGH,Annotator_1,Verified by human review
General3,General3_seq_08,140,141,FOLLOW_THROUGH,Annotator_1,Verified by human review
S_v5,S_v5_seq_01,1,11,RUN_UP,Annotator_1,Verified by human review
S_v5,S_v5_seq_01,12,17,GATHER,Annotator_1,Verified by human review
S_v5,S_v5_seq_01,18,29,DELIVERY_STRIDE,Annotator_1,Verified by human review
S_v5,S_v5_seq_01,30,39,RELEASE,Annotator_1,Verified by human review
S_v5,S_v5_seq_01,40,50,FOLLOW_THROUGH,Annotator_1,Verified by human review
s_v1,s_v1_seq_01,1,130,RUN_UP,Annotator_1,Verified by human review
s_v1,s_v1_seq_01,131,134,GATHER,Annotator_1,Verified by human review
s_v1,s_v1_seq_01,135,144,DELIVERY_STRIDE,Annotator_1,Verified by human review
s_v1,s_v1_seq_01,145,146,RELEASE,Annotator_1,Verified by human review
s_v1,s_v1_seq_01,147,170,FOLLOW_THROUGH,Annotator_1,Verified by human review
s_v1,s_v1_seq_02,217,219,FOLLOW_THROUGH,Annotator_1,Verified by human review
s_v1,s_v1_seq_03,250,250,FOLLOW_THROUGH,Annotator_1,Verified by human review
s_v1,s_v1_seq_04,253,253,FOLLOW_THROUGH,Annotator_1,Verified by human review
s_v1,s_v1_seq_05,284,284,FOLLOW_THROUGH,Annotator_1,Verified by human review
s_v2,s_v2_seq_01,1,74,RUN_UP,Annotator_1,Verified by human review
s_v2,s_v2_seq_01,75,88,GATHER,Annotator_1,Verified by human review
s_v2,s_v2_seq_01,89,99,DELIVERY_STRIDE,Annotator_1,Verified by human review
s_v2,s_v2_seq_01,100,101,RELEASE,Annotator_1,Verified by human review
s_v2,s_v2_seq_01,102,126,FOLLOW_THROUGH,Annotator_1,Verified by human review
s_v2,s_v2_seq_02,130,144,RUN_UP,Annotator_1,Verified by human review
s_v2,s_v2_seq_02,145,147,GATHER,Annotator_1,Verified by human review
s_v2,s_v2_seq_02,148,159,DELIVERY_STRIDE,Annotator_1,Verified by human review
s_v2,s_v2_seq_02,160,168,RELEASE,Annotator_1,Verified by human review
s_v2,s_v2_seq_02,169,205,FOLLOW_THROUGH,Annotator_1,Verified by human review
s_v2,s_v2_seq_03,214,242,RUN_UP,Annotator_1,Verified by human review
s_v2,s_v2_seq_03,243,244,GATHER,Annotator_1,Verified by human review
s_v2,s_v2_seq_03,245,254,DELIVERY_STRIDE,Annotator_1,Verified by human review
s_v2,s_v2_seq_03,255,256,RELEASE,Annotator_1,Verified by human review
s_v2,s_v2_seq_03,257,321,FOLLOW_THROUGH,Annotator_1,Verified by human review
s_v2,s_v2_seq_04,326,327,FOLLOW_THROUGH,Annotator_1,Verified by human review
s_v2,s_v2_seq_05,330,330,FOLLOW_THROUGH,Annotator_1,Verified by human review
s_v2,s_v2_seq_06,338,338,FOLLOW_THROUGH,Annotator_1,Verified by human review
s_v2,s_v2_seq_07,340,341,FOLLOW_THROUGH,Annotator_1,Verified by human review
s_v2,s_v2_seq_08,346,349,FOLLOW_THROUGH,Annotator_1,Verified by human review
s_v2,s_v2_seq_09,354,354,RUN_UP,Annotator_1,Verified by human review
s_v2,s_v2_seq_09,355,355,GATHER,Annotator_1,Verified by human review
s_v2,s_v2_seq_09,356,356,DELIVERY_STRIDE,Annotator_1,Verified by human review
s_v2,s_v2_seq_09,357,358,RELEASE,Annotator_1,Verified by human review
s_v2,s_v2_seq_09,359,365,FOLLOW_THROUGH,Annotator_1,Verified by human review
s_v2,s_v2_seq_10,368,370,RUN_UP,Annotator_1,Verified by human review
s_v2,s_v2_seq_10,371,372,GATHER,Annotator_1,Verified by human review
s_v2,s_v2_seq_10,373,373,DELIVERY_STRIDE,Annotator_1,Verified by human review
s_v2,s_v2_seq_10,374,376,RELEASE,Annotator_1,Verified by human review
s_v2,s_v2_seq_10,377,377,FOLLOW_THROUGH,Annotator_1,Verified by human review
s_v2,s_v2_seq_11,388,389,FOLLOW_THROUGH,Annotator_1,Verified by human review
s_v2,s_v2_seq_12,394,394,RUN_UP,Annotator_1,Verified by human review
s_v2,s_v2_seq_12,395,395,GATHER,Annotator_1,Verified by human review
s_v2,s_v2_seq_12,396,396,DELIVERY_STRIDE,Annotator_1,Verified by human review
s_v2,s_v2_seq_12,397,397,RELEASE,Annotator_1,Verified by human review
s_v2,s_v2_seq_12,398,398,FOLLOW_THROUGH,Annotator_1,Verified by human review
s_v2,s_v2_seq_13,400,401,FOLLOW_THROUGH,Annotator_1,Verified by human review
s_v2,s_v2_seq_14,406,406,FOLLOW_THROUGH,Annotator_1,Verified by human review
s_v2,s_v2_seq_15,421,422,FOLLOW_THROUGH,Annotator_1,Verified by human review
s_v2,s_v2_seq_16,426,429,FOLLOW_THROUGH,Annotator_1,Verified by human review
s_v2,s_v2_seq_17,434,434,RUN_UP,Annotator_1,Verified by human review
s_v2,s_v2_seq_17,435,435,GATHER,Annotator_1,Verified by human review
s_v2,s_v2_seq_17,436,436,DELIVERY_STRIDE,Annotator_1,Verified by human review
s_v2,s_v2_seq_17,437,437,RELEASE,Annotator_1,Verified by human review
s_v2,s_v2_seq_17,438,441,FOLLOW_THROUGH,Annotator_1,Verified by human review
s_v2,s_v2_seq_18,444,445,FOLLOW_THROUGH,Annotator_1,Verified by human review
s_v2,s_v2_seq_19,455,455,RUN_UP,Annotator_1,Verified by human review
s_v2,s_v2_seq_19,456,457,GATHER,Annotator_1,Verified by human review
s_v2,s_v2_seq_19,458,458,DELIVERY_STRIDE,Annotator_1,Verified by human review
s_v2,s_v2_seq_19,459,460,RELEASE,Annotator_1,Verified by human review
s_v2,s_v2_seq_19,461,461,FOLLOW_THROUGH,Annotator_1,Verified by human review
s_v2,s_v2_seq_20,479,479,FOLLOW_THROUGH,Annotator_1,Verified by human review
s_v2,s_v2_seq_21,495,497,FOLLOW_THROUGH,Annotator_1,Verified by human review
s_v2,s_v2_seq_22,542,542,FOLLOW_THROUGH,Annotator_1,Verified by human review
s_v2,s_v2_seq_23,544,544,FOLLOW_THROUGH,Annotator_1,Verified by human review
s_v3,s_v3_seq_01,1,1,RUN_UP,Annotator_1,Verified by human review
s_v3,s_v3_seq_01,2,2,GATHER,Annotator_1,Verified by human review
s_v3,s_v3_seq_01,3,5,DELIVERY_STRIDE,Annotator_1,Verified by human review
s_v3,s_v3_seq_01,6,9,RELEASE,Annotator_1,Verified by human review
s_v3,s_v3_seq_01,10,12,FOLLOW_THROUGH,Annotator_1,Verified by human review
s_v3,s_v3_seq_02,14,50,RUN_UP,Annotator_1,Verified by human review
s_v3,s_v3_seq_02,51,60,GATHER,Annotator_1,Verified by human review
s_v3,s_v3_seq_02,61,70,DELIVERY_STRIDE,Annotator_1,Verified by human review
s_v3,s_v3_seq_02,71,72,RELEASE,Annotator_1,Verified by human review
s_v3,s_v3_seq_02,73,90,FOLLOW_THROUGH,Annotator_1,Verified by human review
s_v4,s_v4_seq_01,5,5,RUN_UP,Annotator_1,Verified by human review
s_v4,s_v4_seq_01,6,6,GATHER,Annotator_1,Verified by human review
s_v4,s_v4_seq_01,7,7,DELIVERY_STRIDE,Annotator_1,Verified by human review
s_v4,s_v4_seq_01,8,8,RELEASE,Annotator_1,Verified by human review
s_v4,s_v4_seq_01,9,9,FOLLOW_THROUGH,Annotator_1,Verified by human review
s_v4,s_v4_seq_02,11,14,RUN_UP,Annotator_1,Verified by human review
s_v4,s_v4_seq_02,15,20,GATHER,Annotator_1,Verified by human review
s_v4,s_v4_seq_02,21,32,DELIVERY_STRIDE,Annotator_1,Verified by human review
s_v4,s_v4_seq_02,33,41,RELEASE,Annotator_1,Verified by human review
s_v4,s_v4_seq_02,42,59,FOLLOW_THROUGH,Annotator_1,Verified by human review
s_v6,s_v6_seq_01,139,139,FOLLOW_THROUGH,Annotator_1,Verified by human review
s_v6,s_v6_seq_02,142,144,FOLLOW_THROUGH,Annotator_1,Verified by human review
s_v6,s_v6_seq_03,146,147,FOLLOW_THROUGH,Annotator_1,Verified by human review
s_v6,s_v6_seq_04,153,154,FOLLOW_THROUGH,Annotator_1,Verified by human review
s_v6,s_v6_seq_05,156,156,FOLLOW_THROUGH,Annotator_1,Verified by human review
s_v6,s_v6_seq_06,158,158,RUN_UP,Annotator_1,Verified by human review
s_v6,s_v6_seq_06,159,162,GATHER,Annotator_1,Verified by human review
s_v6,s_v6_seq_06,163,165,DELIVERY_STRIDE,Annotator_1,Verified by human review
s_v6,s_v6_seq_06,166,170,RELEASE,Annotator_1,Verified by human review
s_v6,s_v6_seq_06,171,176,FOLLOW_THROUGH,Annotator_1,Verified by human review
s_v6,s_v6_seq_07,178,178,FOLLOW_THROUGH,Annotator_1,Verified by human review
s_v6,s_v6_seq_08,180,180,RUN_UP,Annotator_1,Verified by human review
s_v6,s_v6_seq_08,181,181,GATHER,Annotator_1,Verified by human review
s_v6,s_v6_seq_08,182,182,DELIVERY_STRIDE,Annotator_1,Verified by human review
s_v6,s_v6_seq_08,183,184,RELEASE,Annotator_1,Verified by human review
s_v6,s_v6_seq_08,185,188,FOLLOW_THROUGH,Annotator_1,Verified by human review
s_v6,s_v6_seq_09,191,191,FOLLOW_THROUGH,Annotator_1,Verified by human review
s_v6,s_v6_seq_10,197,197,FOLLOW_THROUGH,Annotator_1,Verified by human review
s_v6,s_v6_seq_11,202,203,FOLLOW_THROUGH,Annotator_1,Verified by human review
s_v6,s_v6_seq_12,273,274,FOLLOW_THROUGH,Annotator_1,Verified by human review
s_v6,s_v6_seq_13,276,278,RUN_UP,Annotator_1,Verified by human review
s_v6,s_v6_seq_13,279,281,GATHER,Annotator_1,Verified by human review
s_v6,s_v6_seq_13,282,283,DELIVERY_STRIDE,Annotator_1,Verified by human review
s_v6,s_v6_seq_13,284,284,RELEASE,Annotator_1,Verified by human review
s_v6,s_v6_seq_13,285,285,FOLLOW_THROUGH,Annotator_1,Verified by human review
s_v6,s_v6_seq_14,288,298,RUN_UP,Annotator_1,Verified by human review
s_v6,s_v6_seq_14,299,299,GATHER,Annotator_1,Verified by human review
s_v6,s_v6_seq_14,300,305,DELIVERY_STRIDE,Annotator_1,Verified by human review
s_v6,s_v6_seq_14,306,309,RELEASE,Annotator_1,Verified by human review
s_v6,s_v6_seq_14,310,321,FOLLOW_THROUGH,Annotator_1,Verified by human review
s_v6,s_v6_seq_15,324,330,RUN_UP,Annotator_1,Verified by human review
s_v6,s_v6_seq_15,331,333,GATHER,Annotator_1,Verified by human review
s_v6,s_v6_seq_15,334,337,DELIVERY_STRIDE,Annotator_1,Verified by human review
s_v6,s_v6_seq_15,338,340,RELEASE,Annotator_1,Verified by human review
s_v6,s_v6_seq_15,341,342,FOLLOW_THROUGH,Annotator_1,Verified by human review
s_v6,s_v6_seq_16,344,345,FOLLOW_THROUGH,Annotator_1,Verified by human review
s_v6,s_v6_seq_17,368,370,RUN_UP,Annotator_1,Verified by human review
s_v6,s_v6_seq_17,371,374,GATHER,Annotator_1,Verified by human review
s_v6,s_v6_seq_17,375,378,DELIVERY_STRIDE,Annotator_1,Verified by human review
s_v6,s_v6_seq_17,379,381,RELEASE,Annotator_1,Verified by human review
s_v6,s_v6_seq_17,382,383,FOLLOW_THROUGH,Annotator_1,Verified by human review
s_v6,s_v6_seq_18,390,394,RUN_UP,Annotator_1,Verified by human review
s_v6,s_v6_seq_18,395,397,GATHER,Annotator_1,Verified by human review
s_v6,s_v6_seq_18,398,398,DELIVERY_STRIDE,Annotator_1,Verified by human review
s_v6,s_v6_seq_18,399,399,RELEASE,Annotator_1,Verified by human review
s_v6,s_v6_seq_18,400,400,FOLLOW_THROUGH,Annotator_1,Verified by human review
s_v6,s_v6_seq_19,405,406,FOLLOW_THROUGH,Annotator_1,Verified by human review
s_v6,s_v6_seq_20,409,410,FOLLOW_THROUGH,Annotator_1,Verified by human review
s_v6,s_v6_seq_21,416,416,RUN_UP,Annotator_1,Verified by human review
s_v6,s_v6_seq_21,417,417,GATHER,Annotator_1,Verified by human review
s_v6,s_v6_seq_21,418,418,DELIVERY_STRIDE,Annotator_1,Verified by human review
s_v6,s_v6_seq_21,419,427,RELEASE,Annotator_1,Verified by human review
s_v6,s_v6_seq_21,428,458,FOLLOW_THROUGH,Annotator_1,Verified by human review
s_v6,s_v6_seq_22,460,460,RUN_UP,Annotator_1,Verified by human review
s_v6,s_v6_seq_22,461,462,GATHER,Annotator_1,Verified by human review
s_v6,s_v6_seq_22,463,463,DELIVERY_STRIDE,Annotator_1,Verified by human review
s_v6,s_v6_seq_22,464,465,RELEASE,Annotator_1,Verified by human review
s_v6,s_v6_seq_22,466,466,FOLLOW_THROUGH,Annotator_1,Verified by human review
s_v6,s_v6_seq_23,471,471,FOLLOW_THROUGH,Annotator_1,Verified by human review
s_v6,s_v6_seq_24,473,474,FOLLOW_THROUGH,Annotator_1,Verified by human review
s_v7,s_v7_seq_01,1,24,RUN_UP,Annotator_1,Verified by human review
s_v7,s_v7_seq_01,25,32,GATHER,Annotator_1,Verified by human review
s_v7,s_v7_seq_01,33,39,DELIVERY_STRIDE,Annotator_1,Verified by human review
s_v7,s_v7_seq_01,40,40,RELEASE,Annotator_1,Verified by human review
s_v7,s_v7_seq_01,41,43,FOLLOW_THROUGH,Annotator_1,Verified by human review
s_v7,s_v7_seq_02,46,52,RUN_UP,Annotator_1,Verified by human review
s_v7,s_v7_seq_02,53,61,GATHER,Annotator_1,Verified by human review
s_v7,s_v7_seq_02,62,70,DELIVERY_STRIDE,Annotator_1,Verified by human review
s_v7,s_v7_seq_02,71,74,RELEASE,Annotator_1,Verified by human review
s_v7,s_v7_seq_02,75,78,FOLLOW_THROUGH,Annotator_1,Verified by human review
