video_id,frame_id,timestamp,target_detected,phase_label
General1,1,0.000,1,
General1,2,0.033,1,
General1,3,0.067,1,
General1,4,0.100,1,
General1,5,0.133,1,
General1,6,0.167,1,
General1,7,0.200,1,
General1,8,0.233,1,
General1,9,0.267,1,
General1,10,0.300,1,
General1,11,0.333,1,
General1,12,0.367,1,
General1,13,0.400,1,
General1,14,0.433,1,
General1,15,0.467,1,
General1,16,0.500,1,
General1,17,0.533,1,
General1,18,0.567,1,
General1,19,0.600,1,
General1,20,0.633,1,
General1,21,0.667,1,
General1,22,0.700,1,
General1,23,0.733,1,
General1,24,0.767,1,
General1,25,0.800,1,
General1,26,0.833,1,
General1,27,0.867,1,
General1,28,0.900,1,
General1,29,0.933,1,
General1,30,0.967,1,
General1,31,1.000,1,
General1,32,1.033,1,
General1,33,1.067,1,
General1,34,1.100,1,
General1,35,1.133,1,
General1,36,1.167,1,
General1,37,1.200,1,
General1,38,1.233,1,
General1,39,1.267,1,
General1,40,1.300,1,
General1,41,1.333,1,
General1,42,1.367,1,
General1,43,1.400,1,
General1,44,1.433,1,
General1,45,1.467,1,
General1,46,1.500,1,
General1,47,1.533,1,
General1,48,1.567,1,
General1,49,1.600,1,
General1,50,1.633,1,
General1,51,1.667,1,
General1,52,1.700,1,
General1,53,1.733,1,
General1,54,1.767,1,
General1,55,1.800,1,
General1,56,1.833,1,
General1,57,1.867,1,
General1,58,1.900,1,
General1,59,1.933,1,
General1,60,1.967,1,
General1,61,2.000,1,
General1,62,2.033,1,
General1,63,2.067,1,
General1,64,2.100,1,
General1,65,2.133,1,
General1,66,2.167,1,
General1,67,2.200,1,
General1,68,2.233,1,
General1,69,2.267,1,
General1,70,2.300,1,
General1,71,2.333,1,
General1,72,2.367,1,
General1,73,2.400,1,
General1,74,2.433,1,
General1,75,2.467,1,
General1,76,2.500,1,
General2,1,0.000,1,
General2,2,0.033,1,
General2,3,0.067,1,
General2,4,0.100,1,
General2,5,0.133,1,
General2,6,0.167,1,
General2,7,0.200,1,
General2,8,0.233,1,
General2,9,0.267,1,
General2,10,0.300,1,
General2,11,0.333,1,
General2,12,0.367,1,
General2,13,0.400,1,
General2,14,0.433,1,
General2,15,0.467,1,
General2,16,0.500,1,
General2,17,0.533,1,
General2,18,0.567,1,
General2,19,0.600,1,
General2,20,0.633,1,
General2,21,0.667,1,
General2,22,0.700,1,
General2,23,0.733,1,
General2,24,0.767,1,
General2,25,0.800,1,
General2,26,0.833,1,
General2,27,0.867,1,
General2,28,0.900,1,
General2,29,0.933,1,
General2,30,0.967,1,
General2,31,1.000,1,
General2,32,1.033,1,
General2,33,1.067,1,
General2,34,1.100,1,
General2,35,1.133,1,
General2,36,1.167,1,
General2,37,1.200,1,
General2,38,1.233,1,
General2,39,1.267,1,
General2,40,1.300,1,
General2,41,1.333,1,
General2,42,1.367,1,
General2,43,1.400,1,
General2,44,1.433,1,
General2,45,1.467,1,
General2,46,1.500,1,
General2,47,1.533,1,
General2,48,1.567,1,
General2,49,1.600,1,
General2,50,1.633,1,
General2,51,1.667,1,
General2,52,1.700,1,
General2,53,1.733,1,
General2,54,1.767,1,
General2,55,1.800,1,
General2,56,1.833,1,
General2,57,1.867,1,
General2,58,1.900,1,
General2,59,1.933,1,
General2,60,1.967,1,
General2,61,2.000,1,
General2,62,2.033,1,
General2,63,2.067,1,
General2,64,2.100,1,
General2,65,2.133,1,
General2,66,2.167,1,
General2,67,2.200,1,
General2,68,2.233,1,
General2,69,2.267,1,
General2,70,2.300,1,
General2,71,2.333,1,
General2,72,2.367,1,
General2,73,2.400,1,
General2,74,2.433,1,
General2,75,2.467,1,
General2,76,2.500,1,
General2,77,2.533,1,
General2,78,2.567,1,
General2,79,2.600,1,
General2,80,2.633,1,
General2,81,2.667,1,
General2,82,2.700,1,
General2,83,2.733,1,
General2,84,2.767,1,
General2,85,2.800,1,
General2,86,2.833,1,
General2,87,2.867,1,
General2,88,2.900,1,
General2,89,2.933,1,
General2,90,2.967,1,
General2,91,3.000,1,
General2,92,3.033,1,
General2,93,3.067,1,
General2,94,3.100,1,
General2,95,3.133,0,
General2,96,3.167,1,
General2,97,3.200,1,
General2,98,3.233,1,
General2,99,3.267,1,
General2,100,3.300,0,
General2,101,3.333,1,
General2,102,3.367,1,
General2,103,3.400,1,
General2,104,3.433,1,
General2,105,3.467,1,
General2,106,3.500,1,
General2,107,3.533,1,
General2,108,3.567,1,
General2,109,3.600,1,
General2,110,3.633,1,
General2,111,3.667,1,
General2,112,3.700,1,
General2,113,3.733,1,
General2,114,3.767,1,
General2,115,3.800,1,
General2,116,3.833,1,
General2,117,3.867,1,
General2,118,3.900,1,
General2,119,3.933,1,
General2,120,3.967,1,
General2,121,4.000,1,
General2,122,4.033,1,
General2,123,4.067,1,
General2,124,4.100,1,
General2,125,4.133,1,
General2,126,4.167,1,
General2,127,4.200,1,
General2,128,4.233,1,
General2,129,4.267,1,
General2,130,4.300,1,
General2,131,4.333,1,
General2,132,4.367,1,
General2,133,4.400,1,
General2,134,4.433,1,
General2,135,4.467,1,
General2,136,4.500,1,
General2,137,4.533,1,
General2,138,4.567,1,
General2,139,4.600,1,
General2,140,4.633,1,
General2,141,4.667,0,
General2,142,4.700,0,
General2,143,4.733,0,
General2,144,4.767,1,
General2,145,4.800,1,
General2,146,4.833,1,
General2,147,4.867,1,
General2,148,4.900,1,
General2,149,4.933,1,
General2,150,4.967,1,
General2,151,5.000,1,
General2,152,5.033,1,
General2,153,5.067,1,
General2,154,5.100,1,
General2,155,5.133,1,
General2,156,5.167,1,
General2,157,5.200,1,
General2,158,5.233,1,
General2,159,5.267,1,
General2,160,5.300,1,
General2,161,5.333,0,
General2,162,5.367,0,
General2,163,5.400,1,
General2,164,5.433,1,
General2,165,5.467,1,
General2,166,5.500,1,
General2,167,5.533,1,
General2,168,5.567,1,
General2,169,5.600,1,
General2,170,5.633,1,
General2,171,5.667,1,
General2,172,5.700,1,
General2,173,5.733,1,
General2,174,5.767,1,
General2,175,5.800,1,
General2,176,5.833,1,
General2,177,5.867,1,
General3,1,0.000,1,
General3,2,0.033,1,
General3,3,0.067,1,
General3,4,0.100,1,
General3,5,0.133,1,
General3,6,0.167,1,
General3,7,0.200,1,
General3,8,0.233,1,
General3,9,0.267,1,
General3,10,0.300,1,
General3,11,0.333,1,
General3,12,0.367,1,
General3,13,0.400,1,
General3,14,0.433,1,
General3,15,0.467,1,
General3,16,0.500,1,
General3,17,0.533,1,
General3,18,0.567,1,
General3,19,0.600,1,
General3,20,0.633,1,
General3,21,0.667,1,
General3,22,0.700,1,
General3,23,0.733,1,
General3,24,0.767,1,
General3,25,0.800,1,
General3,26,0.833,1,
General3,27,0.867,1,
General3,28,0.900,1,
General3,29,0.933,1,
General3,30,0.967,1,
General3,31,1.000,1,
General3,32,1.033,1,
General3,33,1.067,1,
General3,34,1.100,1,
General3,35,1.133,1,
General3,36,1.167,1,
General3,37,1.200,1,
General3,38,1.233,1,
General3,39,1.267,1,
General3,40,1.300,1,
General3,41,1.333,1,
General3,42,1.367,1,
General3,43,1.400,1,
General3,44,1.433,1,
General3,45,1.467,1,
General3,46,1.500,1,
General3,47,1.533,1,
General3,48,1.567,1,
General3,49,1.600,1,
General3,50,1.633,1,
General3,51,1.667,1,
General3,52,1.700,1,
General3,53,1.733,1,
General3,54,1.767,1,
General3,55,1.800,1,
General3,56,1.833,1,
General3,57,1.867,1,
General3,58,1.900,1,
General3,59,1.933,1,
General3,60,1.967,1,
General3,61,2.000,1,
General3,62,2.033,1,
General3,63,2.067,1,
General3,64,2.100,1,
General3,65,2.133,1,
General3,66,2.167,1,
General3,67,2.200,1,
General3,68,2.233,1,
General3,69,2.267,1,
General3,70,2.300,1,
General3,71,2.333,1,
General3,72,2.367,1,
General3,73,2.400,1,
General3,74,2.433,1,
General3,75,2.467,1,
General3,76,2.500,1,
General3,77,2.533,1,
General3,78,2.567,1,
General3,79,2.600,1,
General3,80,2.633,1,
General3,81,2.667,1,
General3,82,2.700,1,
General3,83,2.733,0,
General3,84,2.767,1,
General3,85,2.800,1,
General3,86,2.833,1,
General3,87,2.867,1,
General3,88,2.900,1,
General3,89,2.933,1,
General3,90,2.967,1,
General3,91,3.000,1,
General3,92,3.033,1,
General3,93,3.067,1,
General3,94,3.100,1,
General3,95,3.133,0,
General3,96,3.167,0,
General3,97,3.200,1,
General3,98,3.233,0,
General3,99,3.267,0,
General3,100,3.300,0,
General3,101,3.333,1,
General3,102,3.367,1,
General3,103,3.400,1,
General3,104,3.433,1,
General3,105,3.467,1,
General3,106,3.500,1,
General3,107,3.533,1,
General3,108,3.567,1,
General3,109,3.600,1,
General3,110,3.633,1,
General3,111,3.667,1,
General3,112,3.700,1,
General3,113,3.733,1,
General3,114,3.767,1,
General3,115,3.800,1,
General3,116,3.833,1,
General3,117,3.867,1,
General3,118,3.900,1,
General3,119,3.933,1,
General3,120,3.967,1,
General3,121,4.000,1,
General3,122,4.033,1,
General3,123,4.067,1,
General3,124,4.100,0,
General3,125,4.133,0,
General3,126,4.167,1,
General3,127,4.200,1,
General3,128,4.233,0,
General3,129,4.267,1,
General3,130,4.300,1,
General3,131,4.333,0,
General3,132,4.367,0,
General3,133,4.400,0,
General3,134,4.433,1,
General3,135,4.467,1,
General3,136,4.500,1,
General3,137,4.533,1,
General3,138,4.567,0,
General3,139,4.600,0,
General3,140,4.633,1,
General3,141,4.667,1,
General3,142,4.700,0,
General3,143,4.733,0,
General3,144,4.767,0,
General3,145,4.800,0,
General3,146,4.833,0,
S_v5,1,0.000,1,
S_v5,2,0.033,1,
S_v5,3,0.067,1,
S_v5,4,0.100,1,
S_v5,5,0.133,1,
S_v5,6,0.167,1,
S_v5,7,0.200,1,
S_v5,8,0.233,1,
S_v5,9,0.267,1,
S_v5,10,0.300,1,
S_v5,11,0.333,1,
S_v5,12,0.367,1,
S_v5,13,0.400,1,
S_v5,14,0.433,1,
S_v5,15,0.467,1,
S_v5,16,0.500,1,
S_v5,17,0.533,1,
S_v5,18,0.567,1,
S_v5,19,0.600,1,
S_v5,20,0.633,1,
S_v5,21,0.667,1,
S_v5,22,0.700,1,
S_v5,23,0.733,1,
S_v5,24,0.767,1,
S_v5,25,0.800,1,
S_v5,26,0.833,1,
S_v5,27,0.867,1,
S_v5,28,0.900,1,
S_v5,29,0.933,1,
S_v5,30,0.967,1,
S_v5,31,1.000,1,
S_v5,32,1.033,1,
S_v5,33,1.067,1,
S_v5,34,1.100,1,
S_v5,35,1.133,1,
S_v5,36,1.167,1,
S_v5,37,1.200,1,
S_v5,38,1.233,1,
S_v5,39,1.267,1,
S_v5,40,1.300,1,
S_v5,41,1.333,1,
S_v5,42,1.367,1,
S_v5,43,1.400,1,
S_v5,44,1.433,1,
S_v5,45,1.467,1,
S_v5,46,1.500,1,
S_v5,47,1.533,1,
S_v5,48,1.567,1,
S_v5,49,1.600,1,
S_v5,50,1.633,1,
s_v1,1,0.000,1,
s_v1,2,0.033,1,
s_v1,3,0.067,1,
s_v1,4,0.100,1,
s_v1,5,0.133,1,
s_v1,6,0.167,1,
s_v1,7,0.200,1,
s_v1,8,0.233,1,
s_v1,9,0.267,1,
s_v1,10,0.300,1,
s_v1,11,0.333,1,
s_v1,12,0.367,1,
s_v1,13,0.400,1,
s_v1,14,0.433,1,
s_v1,15,0.467,1,
s_v1,16,0.500,1,
s_v1,17,0.533,1,
s_v1,18,0.567,1,
s_v1,19,0.600,1,
s_v1,20,0.633,1,
s_v1,21,0.667,1,
s_v1,22,0.700,1,
s_v1,23,0.733,1,
s_v1,24,0.767,1,
s_v1,25,0.800,1,
s_v1,26,0.833,1,
s_v1,27,0.867,1,
s_v1,28,0.900,1,
s_v1,29,0.933,1,
s_v1,30,0.967,1,
s_v1,31,1.000,1,
s_v1,32,1.033,1,
s_v1,33,1.067,1,
s_v1,34,1.100,1,
s_v1,35,1.133,1,
s_v1,36,1.167,1,
s_v1,37,1.200,1,
s_v1,38,1.233,1,
s_v1,39,1.267,1,
s_v1,40,1.300,1,
s_v1,41,1.333,1,
s_v1,42,1.367,1,
s_v1,43,1.400,1,
s_v1,44,1.433,1,
s_v1,45,1.467,1,
s_v1,46,1.500,1,
s_v1,47,1.533,1,
s_v1,48,1.567,1,
s_v1,49,1.600,1,
s_v1,50,1.633,1,
s_v1,51,1.667,1,
s_v1,52,1.700,1,
s_v1,53,1.733,1,
s_v1,54,1.767,1,
s_v1,55,1.800,1,
s_v1,56,1.833,1,
s_v1,57,1.867,1,
s_v1,58,1.900,1,
s_v1,59,1.933,1,
s_v1,60,1.967,1,
s_v1,61,2.000,1,
s_v1,62,2.033,1,
s_v1,63,2.067,1,
s_v1,64,2.100,1,
s_v1,65,2.133,1,
s_v1,66,2.167,1,
s_v1,67,2.200,1,
s_v1,68,2.233,1,
s_v1,69,2.267,1,
s_v1,70,2.300,1,
s_v1,71,2.333,1,
s_v1,72,2.367,1,
s_v1,73,2.400,1,
s_v1,74,2.433,1,
s_v1,75,2.467,1,
s_v1,76,2.500,1,
s_v1,77,2.533,1,
s_v1,78,2.567,1,
s_v1,79,2.600,1,
s_v1,80,2.633,1,
s_v1,81,2.667,1,
s_v1,82,2.700,1,
s_v1,83,2.733,1,
s_v1,84,2.767,1,
s_v1,85,2.800,1,
s_v1,86,2.833,1,
s_v1,87,2.867,1,
s_v1,88,2.900,1,
s_v1,89,2.933,1,
s_v1,90,2.967,1,
s_v1,91,3.000,1,
s_v1,92,3.033,1,
s_v1,93,3.067,1,
s_v1,94,3.100,1,
s_v1,95,3.133,1,
s_v1,96,3.167,1,
s_v1,97,3.200,1,
s_v1,98,3.233,1,
s_v1,99,3.267,1,
s_v1,100,3.300,1,
s_v1,101,3.333,1,
s_v1,102,3.367,1,
s_v1,103,3.400,1,
s_v1,104,3.433,1,
s_v1,105,3.467,1,
s_v1,106,3.500,1,
s_v1,107,3.533,1,
s_v1,108,3.567,1,
s_v1,109,3.600,1,
s_v1,110,3.633,1,
s_v1,111,3.667,1,
s_v1,112,3.700,1,
s_v1,113,3.733,1,
s_v1,114,3.767,1,
s_v1,115,3.800,1,
s_v1,116,3.833,1,
s_v1,117,3.867,1,
s_v1,118,3.900,1,
s_v1,119,3.933,1,
s_v1,120,3.967,1,
s_v1,121,4.000,1,
s_v1,122,4.033,1,
s_v1,123,4.067,1,
s_v1,124,4.100,1,
s_v1,125,4.133,1,
s_v1,126,4.167,1,
s_v1,127,4.200,1,
s_v1,128,4.233,1,
s_v1,129,4.267,1,
s_v1,130,4.300,1,
s_v1,131,4.333,1,
s_v1,132,4.367,1,
s_v1,133,4.400,1,
s_v1,134,4.433,1,
s_v1,135,4.467,1,
s_v1,136,4.500,1,
s_v1,137,4.533,1,
s_v1,138,4.567,1,
s_v1,139,4.600,1,
s_v1,140,4.633,1,
s_v1,141,4.667,1,
s_v1,142,4.700,1,
s_v1,143,4.733,1,
s_v1,144,4.767,1,
s_v1,145,4.800,1,
s_v1,146,4.833,1,
s_v1,147,4.867,1,
s_v1,148,4.900,1,
s_v1,149,4.933,1,
s_v1,150,4.967,1,
s_v1,151,5.000,1,
s_v1,152,5.033,1,
s_v1,153,5.067,1,
s_v1,154,5.100,1,
s_v1,155,5.133,1,
s_v1,156,5.167,1,
s_v1,157,5.200,1,
s_v1,158,5.233,1,
s_v1,159,5.267,1,
s_v1,160,5.300,1,
s_v1,161,5.333,1,
s_v1,162,5.367,1,
s_v1,163,5.400,1,
s_v1,164,5.433,1,
s_v1,165,5.467,1,
s_v1,166,5.500,1,
s_v1,167,5.533,1,
s_v1,168,5.567,1,
s_v1,169,5.600,1,
s_v1,170,5.633,1,
s_v1,171,5.667,0,
s_v1,172,5.700,0,
s_v1,173,5.733,0,
s_v1,174,5.767,0,
s_v1,175,5.800,0,
s_v1,176,5.833,0,
s_v1,177,5.867,0,
s_v1,178,5.900,0,
s_v1,179,5.933,0,
s_v1,180,5.967,0,
s_v1,181,6.000,0,
s_v1,182,6.033,0,
s_v1,183,6.067,0,
s_v1,184,6.100,0,
s_v1,185,6.133,0,
s_v1,186,6.167,0,
s_v1,187,6.200,0,
s_v1,188,6.233,0,
s_v1,189,6.267,0,
s_v1,190,6.300,0,
s_v1,191,6.333,0,
s_v1,192,6.367,0,
s_v1,193,6.400,0,
s_v1,194,6.433,0,
s_v1,195,6.467,0,
s_v1,196,6.500,0,
s_v1,197,6.533,0,
s_v1,198,6.567,0,
s_v1,199,6.600,0,
s_v1,200,6.633,0,
s_v1,201,6.667,0,
s_v1,202,6.700,0,
s_v1,203,6.733,0,
s_v1,204,6.767,0,
s_v1,205,6.800,0,
s_v1,206,6.833,0,
s_v1,207,6.867,0,
s_v1,208,6.900,0,
s_v1,209,6.933,0,
s_v1,210,6.967,0,
s_v1,211,7.000,0,
s_v1,212,7.033,0,
s_v1,213,7.067,0,
s_v1,214,7.100,0,
s_v1,215,7.133,0,
s_v1,216,7.167,0,
s_v1,217,7.200,1,
s_v1,218,7.233,1,
s_v1,219,7.267,1,
s_v1,220,7.300,0,
s_v1,221,7.333,0,
s_v1,222,7.367,0,
s_v1,223,7.400,0,
s_v1,224,7.433,0,
s_v1,225,7.467,0,
s_v1,226,7.500,0,
s_v1,227,7.533,0,
s_v1,228,7.567,0,
s_v1,229,7.600,0,
s_v1,230,7.633,0,
s_v1,231,7.667,0,
s_v1,232,7.700,0,
s_v1,233,7.733,0,
s_v1,234,7.767,0,
s_v1,235,7.800,0,
s_v1,236,7.833,0,
s_v1,237,7.867,0,
s_v1,238,7.900,0,
s_v1,239,7.933,0,
s_v1,240,7.967,0,
s_v1,241,8.000,0,
s_v1,242,8.033,0,
s_v1,243,8.067,0,
s_v1,244,8.100,0,
s_v1,245,8.133,0,
s_v1,246,8.167,0,
s_v1,247,8.200,0,
s_v1,248,8.233,0,
s_v1,249,8.267,0,
s_v1,250,8.300,1,
s_v1,251,8.333,0,
s_v1,252,8.367,0,
s_v1,253,8.400,1,
s_v1,254,8.433,0,
s_v1,255,8.467,0,
s_v1,256,8.500,0,
s_v1,257,8.533,0,
s_v1,258,8.567,0,
s_v1,259,8.600,0,
s_v1,260,8.633,0,
s_v1,261,8.667,0,
s_v1,262,8.700,0,
s_v1,263,8.733,0,
s_v1,264,8.767,0,
s_v1,265,8.800,0,
s_v1,266,8.833,0,
s_v1,267,8.867,0,
s_v1,268,8.900,0,
s_v1,269,8.933,0,
s_v1,270,8.967,0,
s_v1,271,9.000,0,
s_v1,272,9.033,0,
s_v1,273,9.067,0,
s_v1,274,9.100,0,
s_v1,275,9.133,0,
s_v1,276,9.167,0,
s_v1,277,9.200,0,
s_v1,278,9.233,0,
s_v1,279,9.267,0,
s_v1,280,9.300,0,
s_v1,281,9.333,0,
s_v1,282,9.367,0,
s_v1,283,9.400,0,
s_v1,284,9.433,1,
s_v1,285,9.467,0,
s_v1,286,9.500,0,
s_v1,287,9.533,0,
s_v1,288,9.567,0,
s_v1,289,9.600,0,
s_v1,290,9.633,0,
s_v1,291,9.667,0,
s_v1,292,9.700,0,
s_v1,293,9.733,0,
s_v1,294,9.767,0,
s_v1,295,9.800,0,
s_v1,296,9.833,0,
s_v1,297,9.867,0,
s_v1,298,9.900,0,
s_v1,299,9.933,0,
s_v1,300,9.967,0,
s_v1,301,10.000,0,
s_v1,302,10.033,0,
s_v1,303,10.067,0,
s_v1,304,10.100,0,
s_v1,305,10.133,0,
s_v1,306,10.167,0,
s_v1,307,10.200,0,
s_v1,308,10.233,0,
s_v1,309,10.267,0,
s_v1,310,10.300,0,
s_v1,311,10.333,0,
s_v1,312,10.367,0,
s_v1,313,10.400,0,
s_v2,1,0.000,1,
s_v2,2,0.033,1,
s_v2,3,0.067,1,
s_v2,4,0.100,1,
s_v2,5,0.133,1,
s_v2,6,0.167,1,
s_v2,7,0.200,1,
s_v2,8,0.233,1,
s_v2,9,0.267,1,
s_v2,10,0.300,1,
s_v2,11,0.333,1,
s_v2,12,0.367,1,
s_v2,13,0.400,1,
s_v2,14,0.433,1,
s_v2,15,0.467,1,
s_v2,16,0.500,1,
s_v2,17,0.533,1,
s_v2,18,0.567,1,
s_v2,19,0.600,1,
s_v2,20,0.633,1,
s_v2,21,0.667,1,
s_v2,22,0.700,1,
s_v2,23,0.733,1,
s_v2,24,0.767,1,
s_v2,25,0.800,1,
s_v2,26,0.833,1,
s_v2,27,0.867,1,
s_v2,28,0.900,1,
s_v2,29,0.933,1,
s_v2,30,0.967,1,
s_v2,31,1.000,1,
s_v2,32,1.033,1,
s_v2,33,1.067,1,
s_v2,34,1.100,1,
s_v2,35,1.133,1,
s_v2,36,1.167,1,
s_v2,37,1.200,1,
s_v2,38,1.233,1,
s_v2,39,1.267,1,
s_v2,40,1.300,1,
s_v2,41,1.333,1,
s_v2,42,1.367,1,
s_v2,43,1.400,1,
s_v2,44,1.433,1,
s_v2,45,1.467,1,
s_v2,46,1.500,1,
s_v2,47,1.533,1,
s_v2,48,1.567,1,
s_v2,49,1.600,1,
s_v2,50,1.633,1,
s_v2,51,1.667,1,
s_v2,52,1.700,1,
s_v2,53,1.733,1,
s_v2,54,1.767,1,
s_v2,55,1.800,1,
s_v2,56,1.833,1,
s_v2,57,1.867,1,
s_v2,58,1.900,1,
s_v2,59,1.933,1,
s_v2,60,1.967,1,
s_v2,61,2.000,1,
s_v2,62,2.033,1,
s_v2,63,2.067,1,
s_v2,64,2.100,1,
s_v2,65,2.133,1,
s_v2,66,2.167,1,
s_v2,67,2.200,1,
s_v2,68,2.233,1,
s_v2,69,2.267,1,
s_v2,70,2.300,1,
s_v2,71,2.333,1,
s_v2,72,2.367,1,
s_v2,73,2.400,1,
s_v2,74,2.433,1,
s_v2,75,2.467,1,
s_v2,76,2.500,1,
s_v2,77,2.533,1,
s_v2,78,2.567,1,
s_v2,79,2.600,1,
s_v2,80,2.633,1,
s_v2,81,2.667,1,
s_v2,82,2.700,1,
s_v2,83,2.733,1,
s_v2,84,2.767,1,
s_v2,85,2.800,1,
s_v2,86,2.833,1,
s_v2,87,2.867,1,
s_v2,88,2.900,1,
s_v2,89,2.933,1,
s_v2,90,2.967,1,
s_v2,91,3.000,1,
s_v2,92,3.033,1,
s_v2,93,3.067,1,
s_v2,94,3.100,1,
s_v2,95,3.133,1,
s_v2,96,3.167,1,
s_v2,97,3.200,1,
s_v2,98,3.233,1,
s_v2,99,3.267,1,
s_v2,100,3.300,1,
s_v2,101,3.333,1,
s_v2,102,3.367,1,
s_v2,103,3.400,1,
s_v2,104,3.433,1,
s_v2,105,3.467,1,
s_v2,106,3.500,1,
s_v2,107,3.533,1,
s_v2,108,3.567,1,
s_v2,109,3.600,1,
s_v2,110,3.633,1,
s_v2,111,3.667,1,
s_v2,112,3.700,1,
s_v2,113,3.733,1,
s_v2,114,3.767,1,
s_v2,115,3.800,1,
s_v2,116,3.833,1,
s_v2,117,3.867,1,
s_v2,118,3.900,1,
s_v2,119,3.933,1,
s_v2,120,3.967,1,
s_v2,121,4.000,1,
s_v2,122,4.033,1,
s_v2,123,4.067,1,
s_v2,124,4.100,1,
s_v2,125,4.133,1,
s_v2,126,4.167,1,
s_v2,127,4.200,0,
s_v2,128,4.233,0,
s_v2,129,4.267,0,
s_v2,130,4.300,1,
s_v2,131,4.333,1,
s_v2,132,4.367,1,
s_v2,133,4.400,1,
s_v2,134,4.433,1,
s_v2,135,4.467,1,
s_v2,136,4.500,1,
s_v2,137,4.533,1,
s_v2,138,4.567,1,
s_v2,139,4.600,1,
s_v2,140,4.633,1,
s_v2,141,4.667,1,
s_v2,142,4.700,1,
s_v2,143,4.733,1,
s_v2,144,4.767,1,
s_v2,145,4.800,1,
s_v2,146,4.833,1,
s_v2,147,4.867,1,
s_v2,148,4.900,1,
s_v2,149,4.933,1,
s_v2,150,4.967,1,
s_v2,151,5.000,1,
s_v2,152,5.033,1,
s_v2,153,5.067,1,
s_v2,154,5.100,1,
s_v2,155,5.133,1,
s_v2,156,5.167,1,
s_v2,157,5.200,1,
s_v2,158,5.233,1,
s_v2,159,5.267,1,
s_v2,160,5.300,1,
s_v2,161,5.333,1,
s_v2,162,5.367,1,
s_v2,163,5.400,1,
s_v2,164,5.433,1,
s_v2,165,5.467,1,
s_v2,166,5.500,1,
s_v2,167,5.533,1,
s_v2,168,5.567,1,
s_v2,169,5.600,1,
s_v2,170,5.633,1,
s_v2,171,5.667,1,
s_v2,172,5.700,1,
s_v2,173,5.733,1,
s_v2,174,5.767,1,
s_v2,175,5.800,1,
s_v2,176,5.833,1,
s_v2,177,5.867,1,
s_v2,178,5.900,1,
s_v2,179,5.933,1,
s_v2,180,5.967,1,
s_v2,181,6.000,1,
s_v2,182,6.033,1,
s_v2,183,6.067,1,
s_v2,184,6.100,1,
s_v2,185,6.133,1,
s_v2,186,6.167,1,
s_v2,187,6.200,1,
s_v2,188,6.233,1,
s_v2,189,6.267,1,
s_v2,190,6.300,1,
s_v2,191,6.333,1,
s_v2,192,6.367,1,
s_v2,193,6.400,1,
s_v2,194,6.433,1,
s_v2,195,6.467,1,
s_v2,196,6.500,1,
s_v2,197,6.533,1,
s_v2,198,6.567,1,
s_v2,199,6.600,1,
s_v2,200,6.633,1,
s_v2,201,6.667,1,
s_v2,202,6.700,1,
s_v2,203,6.733,1,
s_v2,204,6.767,1,
s_v2,205,6.800,1,
s_v2,206,6.833,0,
s_v2,207,6.867,0,
s_v2,208,6.900,0,
s_v2,209,6.933,0,
s_v2,210,6.967,0,
s_v2,211,7.000,0,
s_v2,212,7.033,0,
s_v2,213,7.067,0,
s_v2,214,7.100,1,
s_v2,215,7.133,1,
s_v2,216,7.167,1,
s_v2,217,7.200,1,
s_v2,218,7.233,1,
s_v2,219,7.267,1,
s_v2,220,7.300,1,
s_v2,221,7.333,1,
s_v2,222,7.367,1,
s_v2,223,7.400,1,
s_v2,224,7.433,1,
s_v2,225,7.467,1,
s_v2,226,7.500,1,
s_v2,227,7.533,1,
s_v2,228,7.567,1,
s_v2,229,7.600,1,
s_v2,230,7.633,1,
s_v2,231,7.667,1,
s_v2,232,7.700,1,
s_v2,233,7.733,1,
s_v2,234,7.767,1,
s_v2,235,7.800,1,
s_v2,236,7.833,1,
s_v2,237,7.867,1,
s_v2,238,7.900,1,
s_v2,239,7.933,1,
s_v2,240,7.967,1,
s_v2,241,8.000,1,
s_v2,242,8.033,1,
s_v2,243,8.067,1,
s_v2,244,8.100,1,
s_v2,245,8.133,1,
s_v2,246,8.167,1,
s_v2,247,8.200,1,
s_v2,248,8.233,1,
s_v2,249,8.267,1,
s_v2,250,8.300,1,
s_v2,251,8.333,1,
s_v2,252,8.367,1,
s_v2,253,8.400,1,
s_v2,254,8.433,1,
s_v2,255,8.467,1,
s_v2,256,8.500,1,
s_v2,257,8.533,1,
s_v2,258,8.567,1,
s_v2,259,8.600,1,
s_v2,260,8.633,1,
s_v2,261,8.667,1,
s_v2,262,8.700,1,
s_v2,263,8.733,1,
s_v2,264,8.767,1,
s_v2,265,8.800,1,
s_v2,266,8.833,1,
s_v2,267,8.867,1,
s_v2,268,8.900,1,
s_v2,269,8.933,1,
s_v2,270,8.967,1,
s_v2,271,9.000,1,
s_v2,272,9.033,1,
s_v2,273,9.067,1,
s_v2,274,9.100,1,
s_v2,275,9.133,1,
s_v2,276,9.167,1,
s_v2,277,9.200,1,
s_v2,278,9.233,1,
s_v2,279,9.267,1,
s_v2,280,9.300,1,
s_v2,281,9.333,1,
s_v2,282,9.367,1,
s_v2,283,9.400,1,
s_v2,284,9.433,1,
s_v2,285,9.467,1,
s_v2,286,9.500,1,
s_v2,287,9.533,1,
s_v2,288,9.567,1,
s_v2,289,9.600,1,
s_v2,290,9.633,1,
s_v2,291,9.667,1,
s_v2,292,9.700,1,
s_v2,293,9.733,1,
s_v2,294,9.767,1,
s_v2,295,9.800,1,
s_v2,296,9.833,1,
s_v2,297,9.867,1,
s_v2,298,9.900,1,
s_v2,299,9.933,1,
s_v2,300,9.967,1,
s_v2,301,10.000,1,
s_v2,302,10.033,1,
s_v2,303,10.067,1,
s_v2,304,10.100,1,
s_v2,305,10.133,1,
s_v2,306,10.167,1,
s_v2,307,10.200,1,
s_v2,308,10.233,1,
s_v2,309,10.267,1,
s_v2,310,10.300,1,
s_v2,311,10.333,1,
s_v2,312,10.367,1,
s_v2,313,10.400,1,
s_v2,314,10.433,1,
s_v2,315,10.467,1,
s_v2,316,10.500,1,
s_v2,317,10.533,1,
s_v2,318,10.567,1,
s_v2,319,10.600,1,
s_v2,320,10.633,1,
s_v2,321,10.667,1,
s_v2,322,10.700,0,
s_v2,323,10.733,0,
s_v2,324,10.767,0,
s_v2,325,10.800,0,
s_v2,326,10.833,1,
s_v2,327,10.867,1,
s_v2,328,10.900,0,
s_v2,329,10.933,0,
s_v2,330,10.967,1,
s_v2,331,11.000,0,
s_v2,332,11.033,0,
s_v2,333,11.067,0,
s_v2,334,11.100,0,
s_v2,335,11.133,0,
s_v2,336,11.167,0,
s_v2,337,11.200,0,
s_v2,338,11.233,1,
s_v2,339,11.267,0,
s_v2,340,11.300,1,
s_v2,341,11.333,1,
s_v2,342,11.367,0,
s_v2,343,11.400,0,
s_v2,344,11.433,0,
s_v2,345,11.467,0,
s_v2,346,11.500,1,
s_v2,347,11.533,1,
s_v2,348,11.567,1,
s_v2,349,11.600,1,
s_v2,350,11.633,0,
s_v2,351,11.667,0,
s_v2,352,11.700,0,
s_v2,353,11.733,0,
s_v2,354,11.767,1,
s_v2,355,11.800,1,
s_v2,356,11.833,1,
s_v2,357,11.867,1,
s_v2,358,11.900,1,
s_v2,359,11.933,1,
s_v2,360,11.967,1,
s_v2,361,12.000,1,
s_v2,362,12.033,1,
s_v2,363,12.067,1,
s_v2,364,12.100,1,
s_v2,365,12.133,1,
s_v2,366,12.167,0,
s_v2,367,12.200,0,
s_v2,368,12.233,1,
s_v2,369,12.267,1,
s_v2,370,12.300,1,
s_v2,371,12.333,1,
s_v2,372,12.367,1,
s_v2,373,12.400,1,
s_v2,374,12.433,1,
s_v2,375,12.467,1,
s_v2,376,12.500,1,
s_v2,377,12.533,1,
s_v2,378,12.567,0,
s_v2,379,12.600,0,
s_v2,380,12.633,0,
s_v2,381,12.667,0,
s_v2,382,12.700,0,
s_v2,383,12.733,0,
s_v2,384,12.767,0,
s_v2,385,12.800,0,
s_v2,386,12.833,0,
s_v2,387,12.867,0,
s_v2,388,12.900,1,
s_v2,389,12.933,1,
s_v2,390,12.967,0,
s_v2,391,13.000,0,
s_v2,392,13.033,0,
s_v2,393,13.067,0,
s_v2,394,13.100,1,
s_v2,395,13.133,1,
s_v2,396,13.167,1,
s_v2,397,13.200,1,
s_v2,398,13.233,1,
s_v2,399,13.267,0,
s_v2,400,13.300,1,
s_v2,401,13.333,1,
s_v2,402,13.367,0,
s_v2,403,13.400,0,
s_v2,404,13.433,0,
s_v2,405,13.467,0,
s_v2,406,13.500,1,
s_v2,407,13.533,0,
s_v2,408,13.567,0,
s_v2,409,13.600,0,
s_v2,410,13.633,0,
s_v2,411,13.667,0,
s_v2,412,13.700,0,
s_v2,413,13.733,0,
s_v2,414,13.767,0,
s_v2,415,13.800,0,
s_v2,416,13.833,0,
s_v2,417,13.867,0,
s_v2,418,13.900,0,
s_v2,419,13.933,0,
s_v2,420,13.967,0,
s_v2,421,14.000,1,
s_v2,422,14.033,1,
s_v2,423,14.067,0,
s_v2,424,14.100,0,
s_v2,425,14.133,0,
s_v2,426,14.167,1,
s_v2,427,14.200,1,
s_v2,428,14.233,1,
s_v2,429,14.267,1,
s_v2,430,14.300,0,
s_v2,431,14.333,0,
s_v2,432,14.367,0,
s_v2,433,14.400,0,
s_v2,434,14.433,1,
s_v2,435,14.467,1,
s_v2,436,14.500,1,
s_v2,437,14.533,1,
s_v2,438,14.567,1,
s_v2,439,14.600,1,
s_v2,440,14.633,1,
s_v2,441,14.667,1,
s_v2,442,14.700,0,
s_v2,443,14.733,0,
s_v2,444,14.767,1,
s_v2,445,14.800,1,
s_v2,446,14.833,0,
s_v2,447,14.867,0,
s_v2,448,14.900,0,
s_v2,449,14.933,0,
s_v2,450,14.967,0,
s_v2,451,15.000,0,
s_v2,452,15.033,0,
s_v2,453,15.067,0,
s_v2,454,15.100,0,
s_v2,455,15.133,1,
s_v2,456,15.167,1,
s_v2,457,15.200,1,
s_v2,458,15.233,1,
s_v2,459,15.267,1,
s_v2,460,15.300,1,
s_v2,461,15.333,1,
s_v2,462,15.367,0,
s_v2,463,15.400,0,
s_v2,464,15.433,0,
s_v2,465,15.467,0,
s_v2,466,15.500,0,
s_v2,467,15.533,0,
s_v2,468,15.567,0,
s_v2,469,15.600,0,
s_v2,470,15.633,0,
s_v2,471,15.667,0,
s_v2,472,15.700,0,
s_v2,473,15.733,0,
s_v2,474,15.767,0,
s_v2,475,15.800,0,
s_v2,476,15.833,0,
s_v2,477,15.867,0,
s_v2,478,15.900,0,
s_v2,479,15.933,1,
s_v2,480,15.967,0,
s_v2,481,16.000,0,
s_v2,482,16.033,0,
s_v2,483,16.067,0,
s_v2,484,16.100,0,
s_v2,485,16.133,0,
s_v2,486,16.167,0,
s_v2,487,16.200,0,
s_v2,488,16.233,0,
s_v2,489,16.267,0,
s_v2,490,16.300,0,
s_v2,491,16.333,0,
s_v2,492,16.367,0,
s_v2,493,16.400,0,
s_v2,494,16.433,0,
s_v2,495,16.467,1,
s_v2,496,16.500,1,
s_v2,497,16.533,1,
s_v2,498,16.567,0,
s_v2,499,16.600,0,
s_v2,500,16.633,0,
s_v2,501,16.667,0,
s_v2,502,16.700,0,
s_v2,503,16.733,0,
s_v2,504,16.767,0,
s_v2,505,16.800,0,
s_v2,506,16.833,0,
s_v2,507,16.867,0,
s_v2,508,16.900,0,
s_v2,509,16.933,0,
s_v2,510,16.967,0,
s_v2,511,17.000,0,
s_v2,512,17.033,0,
s_v2,513,17.067,0,
s_v2,514,17.100,0,
s_v2,515,17.133,0,
s_v2,516,17.167,0,
s_v2,517,17.200,0,
s_v2,518,17.233,0,
s_v2,519,17.267,0,
s_v2,520,17.300,0,
s_v2,521,17.333,0,
s_v2,522,17.367,0,
s_v2,523,17.400,0,
s_v2,524,17.433,0,
s_v2,525,17.467,0,
s_v2,526,17.500,0,
s_v2,527,17.533,0,
s_v2,528,17.567,0,
s_v2,529,17.600,0,
s_v2,530,17.633,0,
s_v2,531,17.667,0,
s_v2,532,17.700,0,
s_v2,533,17.733,0,
s_v2,534,17.767,0,
s_v2,535,17.800,0,
s_v2,536,17.833,0,
s_v2,537,17.867,0,
s_v2,538,17.900,0,
s_v2,539,17.933,0,
s_v2,540,17.967,0,
s_v2,541,18.000,0,
s_v2,542,18.033,1,
s_v2,543,18.067,0,
s_v2,544,18.100,1,
s_v2,545,18.133,0,
s_v2,546,18.167,0,
s_v2,547,18.200,0,
s_v2,548,18.233,0,
s_v2,549,18.267,0,
s_v2,550,18.300,0,
s_v2,551,18.333,0,
s_v2,552,18.367,0,
s_v2,553,18.400,0,
s_v2,554,18.433,0,
s_v2,555,18.467,0,
s_v2,556,18.500,0,
s_v2,557,18.533,0,
s_v2,558,18.567,0,
s_v3,1,0.000,1,
s_v3,2,0.033,1,
s_v3,3,0.067,1,
s_v3,4,0.100,1,
s_v3,5,0.133,1,
s_v3,6,0.167,1,
s_v3,7,0.200,1,
s_v3,8,0.233,1,
s_v3,9,0.267,1,
s_v3,10,0.300,1,
s_v3,11,0.333,1,
s_v3,12,0.367,1,
s_v3,13,0.400,0,
s_v3,14,0.433,1,
s_v3,15,0.467,1,
s_v3,16,0.500,1,
s_v3,17,0.533,1,
s_v3,18,0.567,1,
s_v3,19,0.600,1,
s_v3,20,0.633,1,
s_v3,21,0.667,1,
s_v3,22,0.700,1,
s_v3,23,0.733,1,
s_v3,24,0.767,1,
s_v3,25,0.800,1,
s_v3,26,0.833,1,
s_v3,27,0.867,1,
s_v3,28,0.900,1,
s_v3,29,0.933,1,
s_v3,30,0.967,1,
s_v3,31,1.000,1,
s_v3,32,1.033,1,
s_v3,33,1.067,1,
s_v3,34,1.100,1,
s_v3,35,1.133,1,
s_v3,36,1.167,1,
s_v3,37,1.200,1,
s_v3,38,1.233,1,
s_v3,39,1.267,1,
s_v3,40,1.300,1,
s_v3,41,1.333,1,
s_v3,42,1.367,1,
s_v3,43,1.400,1,
s_v3,44,1.433,1,
s_v3,45,1.467,1,
s_v3,46,1.500,1,
s_v3,47,1.533,1,
s_v3,48,1.567,1,
s_v3,49,1.600,1,
s_v3,50,1.633,1,
s_v3,51,1.667,1,
s_v3,52,1.700,1,
s_v3,53,1.733,1,
s_v3,54,1.767,1,
s_v3,55,1.800,1,
s_v3,56,1.833,1,
s_v3,57,1.867,1,
s_v3,58,1.900,1,
s_v3,59,1.933,1,
s_v3,60,1.967,1,
s_v3,61,2.000,1,
s_v3,62,2.033,1,
s_v3,63,2.067,1,
s_v3,64,2.100,1,
s_v3,65,2.133,1,
s_v3,66,2.167,1,
s_v3,67,2.200,1,
s_v3,68,2.233,1,
s_v3,69,2.267,1,
s_v3,70,2.300,1,
s_v3,71,2.333,1,
s_v3,72,2.367,1,
s_v3,73,2.400,1,
s_v3,74,2.433,1,
s_v3,75,2.467,1,
s_v3,76,2.500,1,
s_v3,77,2.533,1,
s_v3,78,2.567,1,
s_v3,79,2.600,1,
s_v3,80,2.633,1,
s_v3,81,2.667,1,
s_v3,82,2.700,1,
s_v3,83,2.733,1,
s_v3,84,2.767,1,
s_v3,85,2.800,1,
s_v3,86,2.833,1,
s_v3,87,2.867,1,
s_v3,88,2.900,1,
s_v3,89,2.933,1,
s_v3,90,2.967,1,
s_v4,1,0.000,0,
s_v4,2,0.033,0,
s_v4,3,0.067,0,
s_v4,4,0.100,0,
s_v4,5,0.133,1,
s_v4,6,0.167,1,
s_v4,7,0.200,1,
s_v4,8,0.233,1,
s_v4,9,0.267,1,
s_v4,10,0.300,0,
s_v4,11,0.333,1,
s_v4,12,0.367,1,
s_v4,13,0.400,1,
s_v4,14,0.433,1,
s_v4,15,0.467,1,
s_v4,16,0.500,1,
s_v4,17,0.533,1,
s_v4,18,0.567,1,
s_v4,19,0.600,1,
s_v4,20,0.633,1,
s_v4,21,0.667,1,
s_v4,22,0.700,1,
s_v4,23,0.733,1,
s_v4,24,0.767,1,
s_v4,25,0.800,1,
s_v4,26,0.833,1,
s_v4,27,0.867,1,
s_v4,28,0.900,1,
s_v4,29,0.933,1,
s_v4,30,0.967,1,
s_v4,31,1.000,1,
s_v4,32,1.033,1,
s_v4,33,1.067,1,
s_v4,34,1.100,1,
s_v4,35,1.133,1,
s_v4,36,1.167,1,
s_v4,37,1.200,1,
s_v4,38,1.233,1,
s_v4,39,1.267,1,
s_v4,40,1.300,1,
s_v4,41,1.333,1,
s_v4,42,1.367,1,
s_v4,43,1.400,1,
s_v4,44,1.433,1,
s_v4,45,1.467,1,
s_v4,46,1.500,1,
s_v4,47,1.533,1,
s_v4,48,1.567,1,
s_v4,49,1.600,1,
s_v4,50,1.633,1,
s_v4,51,1.667,1,
s_v4,52,1.700,1,
s_v4,53,1.733,1,
s_v4,54,1.767,1,
s_v4,55,1.800,1,
s_v4,56,1.833,1,
s_v4,57,1.867,1,
s_v4,58,1.900,1,
s_v4,59,1.933,1,
s_v6,1,0.000,0,
s_v6,2,0.033,0,
s_v6,3,0.067,0,
s_v6,4,0.100,0,
s_v6,5,0.133,0,
s_v6,6,0.167,0,
s_v6,7,0.200,0,
s_v6,8,0.233,0,
s_v6,9,0.267,0,
s_v6,10,0.300,0,
s_v6,11,0.333,0,
s_v6,12,0.367,0,
s_v6,13,0.400,0,
s_v6,14,0.433,0,
s_v6,15,0.467,0,
s_v6,16,0.500,0,
s_v6,17,0.533,0,
s_v6,18,0.567,0,
s_v6,19,0.600,0,
s_v6,20,0.633,0,
s_v6,21,0.667,0,
s_v6,22,0.700,0,
s_v6,23,0.733,0,
s_v6,24,0.767,0,
s_v6,25,0.800,0,
s_v6,26,0.833,0,
s_v6,27,0.867,0,
s_v6,28,0.900,0,
s_v6,29,0.933,0,
s_v6,30,0.967,0,
s_v6,31,1.000,0,
s_v6,32,1.033,0,
s_v6,33,1.067,0,
s_v6,34,1.100,0,
s_v6,35,1.133,0,
s_v6,36,1.167,0,
s_v6,37,1.200,0,
s_v6,38,1.233,0,
s_v6,39,1.267,0,
s_v6,40,1.300,0,
s_v6,41,1.333,0,
s_v6,42,1.367,0,
s_v6,43,1.400,0,
s_v6,44,1.433,0,
s_v6,45,1.467,0,
s_v6,46,1.500,0,
s_v6,47,1.533,0,
s_v6,48,1.567,0,
s_v6,49,1.600,0,
s_v6,50,1.633,0,
s_v6,51,1.667,0,
s_v6,52,1.700,0,
s_v6,53,1.733,0,
s_v6,54,1.767,0,
s_v6,55,1.800,0,
s_v6,56,1.833,0,
s_v6,57,1.867,0,
s_v6,58,1.900,0,
s_v6,59,1.933,0,
s_v6,60,1.967,0,
s_v6,61,2.000,0,
s_v6,62,2.033,0,
s_v6,63,2.067,0,
s_v6,64,2.100,0,
s_v6,65,2.133,0,
s_v6,66,2.167,0,
s_v6,67,2.200,0,
s_v6,68,2.233,0,
s_v6,69,2.267,0,
s_v6,70,2.300,0,
s_v6,71,2.333,0,
s_v6,72,2.367,0,
s_v6,73,2.400,0,
s_v6,74,2.433,0,
s_v6,75,2.467,0,
s_v6,76,2.500,0,
s_v6,77,2.533,0,
s_v6,78,2.567,0,
s_v6,79,2.600,0,
s_v6,80,2.633,0,
s_v6,81,2.667,0,
s_v6,82,2.700,0,
s_v6,83,2.733,0,
s_v6,84,2.767,0,
s_v6,85,2.800,0,
s_v6,86,2.833,0,
s_v6,87,2.867,0,
s_v6,88,2.900,0,
s_v6,89,2.933,0,
s_v6,90,2.967,0,
s_v6,91,3.000,0,
s_v6,92,3.033,0,
s_v6,93,3.067,0,
s_v6,94,3.100,0,
s_v6,95,3.133,0,
s_v6,96,3.167,0,
s_v6,97,3.200,0,
s_v6,98,3.233,0,
s_v6,99,3.267,0,
s_v6,100,3.300,0,
s_v6,101,3.333,0,
s_v6,102,3.367,0,
s_v6,103,3.400,0,
s_v6,104,3.433,0,
s_v6,105,3.467,0,
s_v6,106,3.500,0,
s_v6,107,3.533,0,
s_v6,108,3.567,0,
s_v6,109,3.600,0,
s_v6,110,3.633,0,
s_v6,111,3.667,0,
s_v6,112,3.700,0,
s_v6,113,3.733,0,
s_v6,114,3.767,0,
s_v6,115,3.800,0,
s_v6,116,3.833,0,
s_v6,117,3.867,0,
s_v6,118,3.900,0,
s_v6,119,3.933,0,
s_v6,120,3.967,0,
s_v6,121,4.000,0,
s_v6,122,4.033,0,
s_v6,123,4.067,0,
s_v6,124,4.100,0,
s_v6,125,4.133,0,
s_v6,126,4.167,0,
s_v6,127,4.200,0,
s_v6,128,4.233,0,
s_v6,129,4.267,0,
s_v6,130,4.300,0,
s_v6,131,4.333,0,
s_v6,132,4.367,0,
s_v6,133,4.400,0,
s_v6,134,4.433,0,
s_v6,135,4.467,0,
s_v6,136,4.500,0,
s_v6,137,4.533,0,
s_v6,138,4.567,0,
s_v6,139,4.600,1,
s_v6,140,4.633,0,
s_v6,141,4.667,0,
s_v6,142,4.700,1,
s_v6,143,4.733,1,
s_v6,144,4.767,1,
s_v6,145,4.800,0,
s_v6,146,4.833,1,
s_v6,147,4.867,1,
s_v6,148,4.900,0,
s_v6,149,4.933,0,
s_v6,150,4.967,0,
s_v6,151,5.000,0,
s_v6,152,5.033,0,
s_v6,153,5.067,1,
s_v6,154,5.100,1,
s_v6,155,5.133,0,
s_v6,156,5.167,1,
s_v6,157,5.200,0,
s_v6,158,5.233,1,
s_v6,159,5.267,1,
s_v6,160,5.300,1,
s_v6,161,5.333,1,
s_v6,162,5.367,1,
s_v6,163,5.400,1,
s_v6,164,5.433,1,
s_v6,165,5.467,1,
s_v6,166,5.500,1,
s_v6,167,5.533,1,
s_v6,168,5.567,1,
s_v6,169,5.600,1,
s_v6,170,5.633,1,
s_v6,171,5.667,1,
s_v6,172,5.700,1,
s_v6,173,5.733,1,
s_v6,174,5.767,1,
s_v6,175,5.800,1,
s_v6,176,5.833,1,
s_v6,177,5.867,0,
s_v6,178,5.900,1,
s_v6,179,5.933,0,
s_v6,180,5.967,1,
s_v6,181,6.000,1,
s_v6,182,6.033,1,
s_v6,183,6.067,1,
s_v6,184,6.100,1,
s_v6,185,6.133,1,
s_v6,186,6.167,1,
s_v6,187,6.200,1,
s_v6,188,6.233,1,
s_v6,189,6.267,0,
s_v6,190,6.300,0,
s_v6,191,6.333,1,
s_v6,192,6.367,0,
s_v6,193,6.400,0,
s_v6,194,6.433,0,
s_v6,195,6.467,0,
s_v6,196,6.500,0,
s_v6,197,6.533,1,
s_v6,198,6.567,0,
s_v6,199,6.600,0,
s_v6,200,6.633,0,
s_v6,201,6.667,0,
s_v6,202,6.700,1,
s_v6,203,6.733,1,
s_v6,204,6.767,0,
s_v6,205,6.800,0,
s_v6,206,6.833,0,
s_v6,207,6.867,0,
s_v6,208,6.900,0,
s_v6,209,6.933,0,
s_v6,210,6.967,0,
s_v6,211,7.000,0,
s_v6,212,7.033,0,
s_v6,213,7.067,0,
s_v6,214,7.100,0,
s_v6,215,7.133,0,
s_v6,216,7.167,0,
s_v6,217,7.200,0,
s_v6,218,7.233,0,
s_v6,219,7.267,0,
s_v6,220,7.300,0,
s_v6,221,7.333,0,
s_v6,222,7.367,0,
s_v6,223,7.400,0,
s_v6,224,7.433,0,
s_v6,225,7.467,0,
s_v6,226,7.500,0,
s_v6,227,7.533,0,
s_v6,228,7.567,0,
s_v6,229,7.600,0,
s_v6,230,7.633,0,
s_v6,231,7.667,0,
s_v6,232,7.700,0,
s_v6,233,7.733,0,
s_v6,234,7.767,0,
s_v6,235,7.800,0,
s_v6,236,7.833,0,
s_v6,237,7.867,0,
s_v6,238,7.900,0,
s_v6,239,7.933,0,
s_v6,240,7.967,0,
s_v6,241,8.000,0,
s_v6,242,8.033,0,
s_v6,243,8.067,0,
s_v6,244,8.100,0,
s_v6,245,8.133,0,
s_v6,246,8.167,0,
s_v6,247,8.200,0,
s_v6,248,8.233,0,
s_v6,249,8.267,0,
s_v6,250,8.300,0,
s_v6,251,8.333,0,
s_v6,252,8.367,0,
s_v6,253,8.400,0,
s_v6,254,8.433,0,
s_v6,255,8.467,0,
s_v6,256,8.500,0,
s_v6,257,8.533,0,
s_v6,258,8.567,0,
s_v6,259,8.600,0,
s_v6,260,8.633,0,
s_v6,261,8.667,0,
s_v6,262,8.700,0,
s_v6,263,8.733,0,
s_v6,264,8.767,0,
s_v6,265,8.800,0,
s_v6,266,8.833,0,
s_v6,267,8.867,0,
s_v6,268,8.900,0,
s_v6,269,8.933,0,
s_v6,270,8.967,0,
s_v6,271,9.000,0,
s_v6,272,9.033,0,
s_v6,273,9.067,1,
s_v6,274,9.100,1,
s_v6,275,9.133,0,
s_v6,276,9.167,1,
s_v6,277,9.200,1,
s_v6,278,9.233,1,
s_v6,279,9.267,1,
s_v6,280,9.300,1,
s_v6,281,9.333,1,
s_v6,282,9.367,1,
s_v6,283,9.400,1,
s_v6,284,9.433,1,
s_v6,285,9.467,1,
s_v6,286,9.500,0,
s_v6,287,9.533,0,
s_v6,288,9.567,1,
s_v6,289,9.600,1,
s_v6,290,9.633,1,
s_v6,291,9.667,1,
s_v6,292,9.700,1,
s_v6,293,9.733,1,
s_v6,294,9.767,1,
s_v6,295,9.800,1,
s_v6,296,9.833,1,
s_v6,297,9.867,1,
s_v6,298,9.900,1,
s_v6,299,9.933,1,
s_v6,300,9.967,1,
s_v6,301,10.000,1,
s_v6,302,10.033,1,
s_v6,303,10.067,1,
s_v6,304,10.100,1,
s_v6,305,10.133,1,
s_v6,306,10.167,1,
s_v6,307,10.200,1,
s_v6,308,10.233,1,
s_v6,309,10.267,1,
s_v6,310,10.300,1,
s_v6,311,10.333,1,
s_v6,312,10.367,1,
s_v6,313,10.400,1,
s_v6,314,10.433,1,
s_v6,315,10.467,1,
s_v6,316,10.500,1,
s_v6,317,10.533,1,
s_v6,318,10.567,1,
s_v6,319,10.600,1,
s_v6,320,10.633,1,
s_v6,321,10.667,1,
s_v6,322,10.700,0,
s_v6,323,10.733,0,
s_v6,324,10.767,1,
s_v6,325,10.800,1,
s_v6,326,10.833,1,
s_v6,327,10.867,1,
s_v6,328,10.900,1,
s_v6,329,10.933,1,
s_v6,330,10.967,1,
s_v6,331,11.000,1,
s_v6,332,11.033,1,
s_v6,333,11.067,1,
s_v6,334,11.100,1,
s_v6,335,11.133,1,
s_v6,336,11.167,1,
s_v6,337,11.200,1,
s_v6,338,11.233,1,
s_v6,339,11.267,1,
s_v6,340,11.300,1,
s_v6,341,11.333,1,
s_v6,342,11.367,1,
s_v6,343,11.400,0,
s_v6,344,11.433,1,
s_v6,345,11.467,1,
s_v6,346,11.500,0,
s_v6,347,11.533,0,
s_v6,348,11.567,0,
s_v6,349,11.600,0,
s_v6,350,11.633,0,
s_v6,351,11.667,0,
s_v6,352,11.700,0,
s_v6,353,11.733,0,
s_v6,354,11.767,0,
s_v6,355,11.800,0,
s_v6,356,11.833,0,
s_v6,357,11.867,0,
s_v6,358,11.900,0,
s_v6,359,11.933,0,
s_v6,360,11.967,0,
s_v6,361,12.000,0,
s_v6,362,12.033,0,
s_v6,363,12.067,0,
s_v6,364,12.100,0,
s_v6,365,12.133,0,
s_v6,366,12.167,0,
s_v6,367,12.200,0,
s_v6,368,12.233,1,
s_v6,369,12.267,1,
s_v6,370,12.300,1,
s_v6,371,12.333,1,
s_v6,372,12.367,1,
s_v6,373,12.400,1,
s_v6,374,12.433,1,
s_v6,375,12.467,1,
s_v6,376,12.500,1,
s_v6,377,12.533,1,
s_v6,378,12.567,1,
s_v6,379,12.600,1,
s_v6,380,12.633,1,
s_v6,381,12.667,1,
s_v6,382,12.700,1,
s_v6,383,12.733,1,
s_v6,384,12.767,0,
s_v6,385,12.800,0,
s_v6,386,12.833,0,
s_v6,387,12.867,0,
s_v6,388,12.900,0,
s_v6,389,12.933,0,
s_v6,390,12.967,1,
s_v6,391,13.000,1,
s_v6,392,13.033,1,
s_v6,393,13.067,1,
s_v6,394,13.100,1,
s_v6,395,13.133,1,
s_v6,396,13.167,1,
s_v6,397,13.200,1,
s_v6,398,13.233,1,
s_v6,399,13.267,1,
s_v6,400,13.300,1,
s_v6,401,13.333,0,
s_v6,402,13.367,0,
s_v6,403,13.400,0,
s_v6,404,13.433,0,
s_v6,405,13.467,1,
s_v6,406,13.500,1,
s_v6,407,13.533,0,
s_v6,408,13.567,0,
s_v6,409,13.600,1,
s_v6,410,13.633,1,
s_v6,411,13.667,0,
s_v6,412,13.700,0,
s_v6,413,13.733,0,
s_v6,414,13.767,0,
s_v6,415,13.800,0,
s_v6,416,13.833,1,
s_v6,417,13.867,1,
s_v6,418,13.900,1,
s_v6,419,13.933,1,
s_v6,420,13.967,1,
s_v6,421,14.000,1,
s_v6,422,14.033,1,
s_v6,423,14.067,1,
s_v6,424,14.100,1,
s_v6,425,14.133,1,
s_v6,426,14.167,1,
s_v6,427,14.200,1,
s_v6,428,14.233,1,
s_v6,429,14.267,1,
s_v6,430,14.300,1,
s_v6,431,14.333,1,
s_v6,432,14.367,1,
s_v6,433,14.400,1,
s_v6,434,14.433,1,
s_v6,435,14.467,1,
s_v6,436,14.500,1,
s_v6,437,14.533,1,
s_v6,438,14.567,1,
s_v6,439,14.600,1,
s_v6,440,14.633,1,
s_v6,441,14.667,1,
s_v6,442,14.700,1,
s_v6,443,14.733,1,
s_v6,444,14.767,1,
s_v6,445,14.800,1,
s_v6,446,14.833,1,
s_v6,447,14.867,1,
s_v6,448,14.900,1,
s_v6,449,14.933,1,
s_v6,450,14.967,1,
s_v6,451,15.000,1,
s_v6,452,15.033,1,
s_v6,453,15.067,1,
s_v6,454,15.100,1,
s_v6,455,15.133,1,
s_v6,456,15.167,1,
s_v6,457,15.200,1,
s_v6,458,15.233,1,
s_v6,459,15.267,0,
s_v6,460,15.300,1,
s_v6,461,15.333,1,
s_v6,462,15.367,1,
s_v6,463,15.400,1,
s_v6,464,15.433,1,
s_v6,465,15.467,1,
s_v6,466,15.500,1,
s_v6,467,15.533,0,
s_v6,468,15.567,0,
s_v6,469,15.600,0,
s_v6,470,15.633,0,
s_v6,471,15.667,1,
s_v6,472,15.700,0,
s_v6,473,15.733,1,
s_v6,474,15.767,1,
s_v6,475,15.800,0,
s_v6,476,15.833,0,
s_v6,477,15.867,0,
s_v6,478,15.900,0,
s_v6,479,15.933,0,
s_v6,480,15.967,0,
s_v6,481,16.000,0,
s_v6,482,16.033,0,
s_v6,483,16.067,0,
s_v6,484,16.100,0,
s_v6,485,16.133,0,
s_v6,486,16.167,0,
s_v6,487,16.200,0,
s_v6,488,16.233,0,
s_v6,489,16.267,0,
s_v6,490,16.300,0,
s_v6,491,16.333,0,
s_v6,492,16.367,0,
s_v6,493,16.400,0,
s_v6,494,16.433,0,
s_v6,495,16.467,0,
s_v6,496,16.500,0,
s_v6,497,16.533,0,
s_v6,498,16.567,0,
s_v6,499,16.600,0,
s_v6,500,16.633,0,
s_v6,501,16.667,0,
s_v6,502,16.700,0,
s_v6,503,16.733,0,
s_v6,504,16.767,0,
s_v6,505,16.800,0,
s_v6,506,16.833,0,
s_v6,507,16.867,0,
s_v6,508,16.900,0,
s_v6,509,16.933,0,
s_v6,510,16.967,0,
s_v6,511,17.000,0,
s_v6,512,17.033,0,
s_v6,513,17.067,0,
s_v6,514,17.100,0,
s_v6,515,17.133,0,
s_v6,516,17.167,0,
s_v6,517,17.200,0,
s_v6,518,17.233,0,
s_v6,519,17.267,0,
s_v6,520,17.300,0,
s_v6,521,17.333,0,
s_v6,522,17.367,0,
s_v6,523,17.400,0,
s_v6,524,17.433,0,
s_v6,525,17.467,0,
s_v6,526,17.500,0,
s_v6,527,17.533,0,
s_v6,528,17.567,0,
s_v6,529,17.600,0,
s_v6,530,17.633,0,
s_v6,531,17.667,0,
s_v6,532,17.700,0,
s_v6,533,17.733,0,
s_v6,534,17.767,0,
s_v6,535,17.800,0,
s_v6,536,17.833,0,
s_v6,537,17.867,0,
s_v6,538,17.900,0,
s_v6,539,17.933,0,
s_v6,540,17.967,0,
s_v6,541,18.000,0,
s_v6,542,18.033,0,
s_v6,543,18.067,0,
s_v6,544,18.100,0,
s_v6,545,18.133,0,
s_v6,546,18.167,0,
s_v6,547,18.200,0,
s_v6,548,18.233,0,
s_v6,549,18.267,0,
s_v6,550,18.300,0,
s_v6,551,18.333,0,
s_v6,552,18.367,0,
s_v6,553,18.400,0,
s_v6,554,18.433,0,
s_v6,555,18.467,0,
s_v6,556,18.500,0,
s_v6,557,18.533,0,
s_v6,558,18.567,0,
s_v7,1,0.000,1,
s_v7,2,0.033,1,
s_v7,3,0.067,1,
s_v7,4,0.100,1,
s_v7,5,0.133,1,
s_v7,6,0.167,1,
s_v7,7,0.200,1,
s_v7,8,0.233,1,
s_v7,9,0.267,1,
s_v7,10,0.300,1,
s_v7,11,0.333,1,
s_v7,12,0.367,1,
s_v7,13,0.400,1,
s_v7,14,0.433,1,
s_v7,15,0.467,1,
s_v7,16,0.500,1,
s_v7,17,0.533,1,
s_v7,18,0.567,1,
s_v7,19,0.600,1,
s_v7,20,0.633,1,
s_v7,21,0.667,1,
s_v7,22,0.700,1,
s_v7,23,0.733,1,
s_v7,24,0.767,1,
s_v7,25,0.800,1,
s_v7,26,0.833,1,
s_v7,27,0.867,1,
s_v7,28,0.900,1,
s_v7,29,0.933,1,
s_v7,30,0.967,1,
s_v7,31,1.000,1,
s_v7,32,1.033,1,
s_v7,33,1.067,1,
s_v7,34,1.100,1,
s_v7,35,1.133,1,
s_v7,36,1.167,1,
s_v7,37,1.200,1,
s_v7,38,1.233,1,
s_v7,39,1.267,1,
s_v7,40,1.300,1,
s_v7,41,1.333,1,
s_v7,42,1.367,1,
s_v7,43,1.400,1,
s_v7,44,1.433,0,
s_v7,45,1.467,0,
s_v7,46,1.500,1,
s_v7,47,1.533,1,
s_v7,48,1.567,1,
s_v7,49,1.600,1,
s_v7,50,1.633,1,
s_v7,51,1.667,1,
s_v7,52,1.700,1,
s_v7,53,1.733,1,
s_v7,54,1.767,1,
s_v7,55,1.800,1,
s_v7,56,1.833,1,
s_v7,57,1.867,1,
s_v7,58,1.900,1,
s_v7,59,1.933,1,
s_v7,60,1.967,1,
s_v7,61,2.000,1,
s_v7,62,2.033,1,
s_v7,63,2.067,1,
s_v7,64,2.100,1,
s_v7,65,2.133,1,
s_v7,66,2.167,1,
s_v7,67,2.200,1,
s_v7,68,2.233,1,
s_v7,69,2.267,1,
s_v7,70,2.300,1,
s_v7,71,2.333,1,
s_v7,72,2.367,1,
s_v7,73,2.400,1,
s_v7,74,2.433,1,
s_v7,75,2.467,1,
s_v7,76,2.500,1,
s_v7,77,2.533,1,
s_v7,78,2.567,1,
s_v7,79,2.600,0,
s_v7,80,2.633,0,
s_v7,81,2.667,0,
s_v7,82,2.700,0,
s_v7,83,2.733,0,
s_v7,84,2.767,0,
s_v7,85,2.800,0,
s_v7,86,2.833,0,
s_v7,87,2.867,0,
s_v7,88,2.900,0,
s_v7,89,2.933,0,
s_v7,90,2.967,0,
s_v7,91,3.000,0,
s_v7,92,3.033,0,
s_v7,93,3.067,0,
s_v7,94,3.100,0,
s_v7,95,3.133,0,
s_v7,96,3.167,0,
s_v7,97,3.200,0,
s_v7,98,3.233,0,
s_v7,99,3.267,0,
s_v7,100,3.300,0,
s_v7,101,3.333,0,
s_v7,102,3.367,0,
s_v7,103,3.400,0,
s_v7,104,3.433,0,
s_v7,105,3.467,0,
s_v7,106,3.500,0,
s_v7,107,3.533,0,
s_v7,108,3.567,0,
