video_id,sequence_id,start_frame,end_frame,phase_label,confidence,label_source,notes
General1,General1_seq_01,1,19,RUN_UP,0.95,AUTO,Automatically detected run-up approach
General1,General1_seq_01,20,33,GATHER,0.83,AUTO,Automatically detected pre-delivery bound / gather
General1,General1_seq_01,34,44,DELIVERY_STRIDE,0.95,AUTO,Automatically detected delivery stride (BFC to FFC)
General1,General1_seq_01,45,47,RELEASE,0.81,AUTO,Automatically detected delivery arc & ball release window
General1,General1_seq_01,48,76,FOLLOW_THROUGH,0.95,AUTO,Automatically detected follow-through & deceleration
General2,General2_seq_01,1,27,RUN_UP,0.95,AUTO,Automatically detected run-up approach
General2,General2_seq_01,28,38,GATHER,0.95,AUTO,Automatically detected pre-delivery bound / gather
General2,General2_seq_01,39,47,DELIVERY_STRIDE,0.95,AUTO,Automatically detected delivery stride (BFC to FFC)
General2,General2_seq_01,48,50,RELEASE,0.88,AUTO,Automatically detected delivery arc & ball release window
General2,General2_seq_01,51,94,FOLLOW_THROUGH,0.95,AUTO,Automatically detected follow-through & deceleration
General2,General2_seq_03,101,104,RUN_UP,0.92,AUTO,Automatically detected run-up approach
General2,General2_seq_03,105,112,GATHER,0.89,AUTO,Automatically detected pre-delivery bound / gather
General2,General2_seq_03,113,123,DELIVERY_STRIDE,0.94,AUTO,Automatically detected delivery stride (BFC to FFC)
General2,General2_seq_03,124,135,RELEASE,0.77,AUTO,Automatically detected delivery arc & ball release window
General2,General2_seq_03,136,140,FOLLOW_THROUGH,0.92,AUTO,Automatically detected follow-through & deceleration
General2,General2_seq_04,144,145,RUN_UP,0.95,AUTO,Automatically detected run-up approach
General2,General2_seq_04,146,150,GATHER,0.79,AUTO,Automatically detected pre-delivery bound / gather
General2,General2_seq_04,151,152,DELIVERY_STRIDE,0.89,AUTO,Automatically detected delivery stride (BFC to FFC)
General2,General2_seq_04,153,157,RELEASE,0.65,AUTO,Automatically detected delivery arc & ball release window
General2,General2_seq_04,158,160,FOLLOW_THROUGH,0.95,AUTO,Automatically detected follow-through & deceleration
General2,General2_seq_05,163,163,RUN_UP,0.94,AUTO,Automatically detected run-up approach
General2,General2_seq_05,164,164,GATHER,0.79,AUTO,Automatically detected pre-delivery bound / gather
General2,General2_seq_05,165,165,DELIVERY_STRIDE,0.86,AUTO,Automatically detected delivery stride (BFC to FFC)
General2,General2_seq_05,166,167,RELEASE,0.59,AUTO,Automatically detected delivery arc & ball release window
General2,General2_seq_05,168,177,FOLLOW_THROUGH,0.94,AUTO,Automatically detected follow-through & deceleration
General3,General3_seq_01,1,13,RUN_UP,0.96,AUTO,Automatically detected run-up approach
General3,General3_seq_01,14,27,GATHER,0.81,AUTO,Automatically detected pre-delivery bound / gather
General3,General3_seq_01,28,28,DELIVERY_STRIDE,0.95,AUTO,Automatically detected delivery stride (BFC to FFC)
General3,General3_seq_01,29,30,RELEASE,0.9,AUTO,Automatically detected delivery arc & ball release window
General3,General3_seq_01,31,82,FOLLOW_THROUGH,0.96,AUTO,Automatically detected follow-through & deceleration
General3,General3_seq_02,84,85,RUN_UP,0.68,AUTO,Automatically detected run-up approach
General3,General3_seq_02,86,88,GATHER,0.36,AUTO,Automatically detected pre-delivery bound / gather
General3,General3_seq_02,89,90,DELIVERY_STRIDE,0.59,AUTO,Automatically detected delivery stride (BFC to FFC)
General3,General3_seq_02,91,92,RELEASE,0.41,AUTO,Automatically detected delivery arc & ball release window
General3,General3_seq_02,93,94,FOLLOW_THROUGH,0.68,AUTO,Automatically detected follow-through & deceleration
General3,General3_seq_04,101,115,RUN_UP,0.9,AUTO,Automatically detected run-up approach
General3,General3_seq_04,116,116,GATHER,0.59,AUTO,Automatically detected pre-delivery bound / gather
General3,General3_seq_04,117,119,DELIVERY_STRIDE,0.91,AUTO,Automatically detected delivery stride (BFC to FFC)
General3,General3_seq_04,120,122,RELEASE,0.78,AUTO,Automatically detected delivery arc & ball release window
General3,General3_seq_04,123,123,FOLLOW_THROUGH,0.9,AUTO,Automatically detected follow-through & deceleration
S_v5,S_v5_seq_01,1,11,RUN_UP,0.94,AUTO,Automatically detected run-up approach
S_v5,S_v5_seq_01,12,17,GATHER,0.95,AUTO,Automatically detected pre-delivery bound / gather
S_v5,S_v5_seq_01,18,29,DELIVERY_STRIDE,0.95,AUTO,Automatically detected delivery stride (BFC to FFC)
S_v5,S_v5_seq_01,30,39,RELEASE,0.92,AUTO,Automatically detected delivery arc & ball release window
S_v5,S_v5_seq_01,40,50,FOLLOW_THROUGH,0.94,AUTO,Automatically detected follow-through & deceleration
s_v1,s_v1_seq_01,1,130,RUN_UP,0.93,AUTO,Automatically detected run-up approach
s_v1,s_v1_seq_01,131,134,GATHER,0.63,AUTO,Automatically detected pre-delivery bound / gather
s_v1,s_v1_seq_01,135,144,DELIVERY_STRIDE,0.95,AUTO,Automatically detected delivery stride (BFC to FFC)
s_v1,s_v1_seq_01,145,146,RELEASE,0.72,AUTO,Automatically detected delivery arc & ball release window
s_v1,s_v1_seq_01,147,170,FOLLOW_THROUGH,0.93,AUTO,Automatically detected follow-through & deceleration
s_v2,s_v2_seq_01,1,74,RUN_UP,0.9,AUTO,Automatically detected run-up approach
s_v2,s_v2_seq_01,75,88,GATHER,0.88,AUTO,Automatically detected pre-delivery bound / gather
s_v2,s_v2_seq_01,89,99,DELIVERY_STRIDE,0.93,AUTO,Automatically detected delivery stride (BFC to FFC)
s_v2,s_v2_seq_01,100,101,RELEASE,0.69,AUTO,Automatically detected delivery arc & ball release window
s_v2,s_v2_seq_01,102,126,FOLLOW_THROUGH,0.9,AUTO,Automatically detected follow-through & deceleration
s_v2,s_v2_seq_02,130,144,RUN_UP,0.91,AUTO,Automatically detected run-up approach
s_v2,s_v2_seq_02,145,147,GATHER,0.86,AUTO,Automatically detected pre-delivery bound / gather
s_v2,s_v2_seq_02,148,159,DELIVERY_STRIDE,0.94,AUTO,Automatically detected delivery stride (BFC to FFC)
s_v2,s_v2_seq_02,160,168,RELEASE,0.82,AUTO,Automatically detected delivery arc & ball release window
s_v2,s_v2_seq_02,169,205,FOLLOW_THROUGH,0.91,AUTO,Automatically detected follow-through & deceleration
s_v2,s_v2_seq_03,214,242,RUN_UP,0.91,AUTO,Automatically detected run-up approach
s_v2,s_v2_seq_03,243,244,GATHER,0.88,AUTO,Automatically detected pre-delivery bound / gather
s_v2,s_v2_seq_03,245,254,DELIVERY_STRIDE,0.94,AUTO,Automatically detected delivery stride (BFC to FFC)
s_v2,s_v2_seq_03,255,256,RELEASE,0.73,AUTO,Automatically detected delivery arc & ball release window
s_v2,s_v2_seq_03,257,321,FOLLOW_THROUGH,0.91,AUTO,Automatically detected follow-through & deceleration
s_v2,s_v2_seq_09,354,354,RUN_UP,0.7,AUTO,Automatically detected run-up approach
s_v2,s_v2_seq_09,355,355,GATHER,0.59,AUTO,Automatically detected pre-delivery bound / gather
s_v2,s_v2_seq_09,356,356,DELIVERY_STRIDE,0.63,AUTO,Automatically detected delivery stride (BFC to FFC)
s_v2,s_v2_seq_09,357,358,RELEASE,0.37,AUTO,Automatically detected delivery arc & ball release window
s_v2,s_v2_seq_09,359,365,FOLLOW_THROUGH,0.7,AUTO,Automatically detected follow-through & deceleration
s_v2,s_v2_seq_10,368,370,RUN_UP,0.59,AUTO,Automatically detected run-up approach
s_v2,s_v2_seq_10,371,372,GATHER,0.47,AUTO,Automatically detected pre-delivery bound / gather
s_v2,s_v2_seq_10,373,373,DELIVERY_STRIDE,0.51,AUTO,Automatically detected delivery stride (BFC to FFC)
s_v2,s_v2_seq_10,374,376,RELEASE,0.3,AUTO,Automatically detected delivery arc & ball release window
s_v2,s_v2_seq_10,377,377,FOLLOW_THROUGH,0.59,AUTO,Automatically detected follow-through & deceleration
s_v2,s_v2_seq_12,394,394,RUN_UP,0.3,AUTO,Automatically detected run-up approach
s_v2,s_v2_seq_12,395,395,GATHER,0.3,AUTO,Automatically detected pre-delivery bound / gather
s_v2,s_v2_seq_12,396,396,DELIVERY_STRIDE,0.3,AUTO,Automatically detected delivery stride (BFC to FFC)
s_v2,s_v2_seq_12,397,397,RELEASE,0.3,AUTO,Automatically detected delivery arc & ball release window
s_v2,s_v2_seq_12,398,398,FOLLOW_THROUGH,0.3,AUTO,Automatically detected follow-through & deceleration
s_v2,s_v2_seq_17,434,434,RUN_UP,0.49,AUTO,Automatically detected run-up approach
s_v2,s_v2_seq_17,435,435,GATHER,0.31,AUTO,Automatically detected pre-delivery bound / gather
s_v2,s_v2_seq_17,436,436,DELIVERY_STRIDE,0.36,AUTO,Automatically detected delivery stride (BFC to FFC)
s_v2,s_v2_seq_17,437,437,RELEASE,0.3,AUTO,Automatically detected delivery arc & ball release window
s_v2,s_v2_seq_17,438,441,FOLLOW_THROUGH,0.49,AUTO,Automatically detected follow-through & deceleration
s_v2,s_v2_seq_19,455,455,RUN_UP,0.41,AUTO,Automatically detected run-up approach
s_v2,s_v2_seq_19,456,457,GATHER,0.32,AUTO,Automatically detected pre-delivery bound / gather
s_v2,s_v2_seq_19,458,458,DELIVERY_STRIDE,0.35,AUTO,Automatically detected delivery stride (BFC to FFC)
s_v2,s_v2_seq_19,459,460,RELEASE,0.3,AUTO,Automatically detected delivery arc & ball release window
s_v2,s_v2_seq_19,461,461,FOLLOW_THROUGH,0.41,AUTO,Automatically detected follow-through & deceleration
s_v3,s_v3_seq_01,1,1,RUN_UP,0.77,AUTO,Automatically detected run-up approach
s_v3,s_v3_seq_01,2,2,GATHER,0.43,AUTO,Automatically detected pre-delivery bound / gather
s_v3,s_v3_seq_01,3,5,DELIVERY_STRIDE,0.67,AUTO,Automatically detected delivery stride (BFC to FFC)
s_v3,s_v3_seq_01,6,9,RELEASE,0.43,AUTO,Automatically detected delivery arc & ball release window
s_v3,s_v3_seq_01,10,12,FOLLOW_THROUGH,0.77,AUTO,Automatically detected follow-through & deceleration
s_v3,s_v3_seq_02,14,50,RUN_UP,0.94,AUTO,Automatically detected run-up approach
s_v3,s_v3_seq_02,51,60,GATHER,0.85,AUTO,Automatically detected pre-delivery bound / gather
s_v3,s_v3_seq_02,61,70,DELIVERY_STRIDE,0.95,AUTO,Automatically detected delivery stride (BFC to FFC)
s_v3,s_v3_seq_02,71,72,RELEASE,0.81,AUTO,Automatically detected delivery arc & ball release window
s_v3,s_v3_seq_02,73,90,FOLLOW_THROUGH,0.94,AUTO,Automatically detected follow-through & deceleration
s_v4,s_v4_seq_01,5,5,RUN_UP,0.3,AUTO,Automatically detected run-up approach
s_v4,s_v4_seq_01,6,6,GATHER,0.3,AUTO,Automatically detected pre-delivery bound / gather
s_v4,s_v4_seq_01,7,7,DELIVERY_STRIDE,0.3,AUTO,Automatically detected delivery stride (BFC to FFC)
s_v4,s_v4_seq_01,8,8,RELEASE,0.3,AUTO,Automatically detected delivery arc & ball release window
s_v4,s_v4_seq_01,9,9,FOLLOW_THROUGH,0.3,AUTO,Automatically detected follow-through & deceleration
s_v4,s_v4_seq_02,11,14,RUN_UP,0.94,AUTO,Automatically detected run-up approach
s_v4,s_v4_seq_02,15,20,GATHER,0.95,AUTO,Automatically detected pre-delivery bound / gather
s_v4,s_v4_seq_02,21,32,DELIVERY_STRIDE,0.95,AUTO,Automatically detected delivery stride (BFC to FFC)
s_v4,s_v4_seq_02,33,41,RELEASE,0.83,AUTO,Automatically detected delivery arc & ball release window
s_v4,s_v4_seq_02,42,59,FOLLOW_THROUGH,0.94,AUTO,Automatically detected follow-through & deceleration
s_v6,s_v6_seq_06,158,158,RUN_UP,0.93,AUTO,Automatically detected run-up approach
s_v6,s_v6_seq_06,159,162,GATHER,0.84,AUTO,Automatically detected pre-delivery bound / gather
s_v6,s_v6_seq_06,163,165,DELIVERY_STRIDE,0.89,AUTO,Automatically detected delivery stride (BFC to FFC)
s_v6,s_v6_seq_06,166,170,RELEASE,0.64,AUTO,Automatically detected delivery arc & ball release window
s_v6,s_v6_seq_06,171,176,FOLLOW_THROUGH,0.93,AUTO,Automatically detected follow-through & deceleration
s_v6,s_v6_seq_08,180,180,RUN_UP,0.53,AUTO,Automatically detected run-up approach
s_v6,s_v6_seq_08,181,181,GATHER,0.43,AUTO,Automatically detected pre-delivery bound / gather
s_v6,s_v6_seq_08,182,182,DELIVERY_STRIDE,0.39,AUTO,Automatically detected delivery stride (BFC to FFC)
s_v6,s_v6_seq_08,183,184,RELEASE,0.3,AUTO,Automatically detected delivery arc & ball release window
s_v6,s_v6_seq_08,185,188,FOLLOW_THROUGH,0.53,AUTO,Automatically detected follow-through & deceleration
s_v6,s_v6_seq_13,276,278,RUN_UP,0.64,AUTO,Automatically detected run-up approach
s_v6,s_v6_seq_13,279,281,GATHER,0.5,AUTO,Automatically detected pre-delivery bound / gather
s_v6,s_v6_seq_13,282,283,DELIVERY_STRIDE,0.55,AUTO,Automatically detected delivery stride (BFC to FFC)
s_v6,s_v6_seq_13,284,284,RELEASE,0.43,AUTO,Automatically detected delivery arc & ball release window
s_v6,s_v6_seq_13,285,285,FOLLOW_THROUGH,0.64,AUTO,Automatically detected follow-through & deceleration
s_v6,s_v6_seq_14,288,298,RUN_UP,0.95,AUTO,Automatically detected run-up approach
s_v6,s_v6_seq_14,299,299,GATHER,0.83,AUTO,Automatically detected pre-delivery bound / gather
s_v6,s_v6_seq_14,300,305,DELIVERY_STRIDE,0.95,AUTO,Automatically detected delivery stride (BFC to FFC)
s_v6,s_v6_seq_14,306,309,RELEASE,0.8,AUTO,Automatically detected delivery arc & ball release window
s_v6,s_v6_seq_14,310,321,FOLLOW_THROUGH,0.95,AUTO,Automatically detected follow-through & deceleration
s_v6,s_v6_seq_15,324,330,RUN_UP,0.92,AUTO,Automatically detected run-up approach
s_v6,s_v6_seq_15,331,333,GATHER,0.7,AUTO,Automatically detected pre-delivery bound / gather
s_v6,s_v6_seq_15,334,337,DELIVERY_STRIDE,0.89,AUTO,Automatically detected delivery stride (BFC to FFC)
s_v6,s_v6_seq_15,338,340,RELEASE,0.66,AUTO,Automatically detected delivery arc & ball release window
s_v6,s_v6_seq_15,341,342,FOLLOW_THROUGH,0.92,AUTO,Automatically detected follow-through & deceleration
s_v6,s_v6_seq_17,368,370,RUN_UP,0.93,AUTO,Automatically detected run-up approach
s_v6,s_v6_seq_17,371,374,GATHER,0.85,AUTO,Automatically detected pre-delivery bound / gather
s_v6,s_v6_seq_17,375,378,DELIVERY_STRIDE,0.86,AUTO,Automatically detected delivery stride (BFC to FFC)
s_v6,s_v6_seq_17,379,381,RELEASE,0.64,AUTO,Automatically detected delivery arc & ball release window
s_v6,s_v6_seq_17,382,383,FOLLOW_THROUGH,0.93,AUTO,Automatically detected follow-through & deceleration
s_v6,s_v6_seq_18,390,394,RUN_UP,0.7,AUTO,Automatically detected run-up approach
s_v6,s_v6_seq_18,395,397,GATHER,0.46,AUTO,Automatically detected pre-delivery bound / gather
s_v6,s_v6_seq_18,398,398,DELIVERY_STRIDE,0.61,AUTO,Automatically detected delivery stride (BFC to FFC)
s_v6,s_v6_seq_18,399,399,RELEASE,0.47,AUTO,Automatically detected delivery arc & ball release window
s_v6,s_v6_seq_18,400,400,FOLLOW_THROUGH,0.7,AUTO,Automatically detected follow-through & deceleration
s_v6,s_v6_seq_21,416,416,RUN_UP,0.94,AUTO,Automatically detected run-up approach
s_v6,s_v6_seq_21,417,417,GATHER,0.64,AUTO,Automatically detected pre-delivery bound / gather
s_v6,s_v6_seq_21,418,418,DELIVERY_STRIDE,0.86,AUTO,Automatically detected delivery stride (BFC to FFC)
s_v6,s_v6_seq_21,419,427,RELEASE,0.78,AUTO,Automatically detected delivery arc & ball release window
s_v6,s_v6_seq_21,428,458,FOLLOW_THROUGH,0.94,AUTO,Automatically detected follow-through & deceleration
s_v6,s_v6_seq_22,460,460,RUN_UP,0.44,AUTO,Automatically detected run-up approach
s_v6,s_v6_seq_22,461,462,GATHER,0.3,AUTO,Automatically detected pre-delivery bound / gather
s_v6,s_v6_seq_22,463,463,DELIVERY_STRIDE,0.36,AUTO,Automatically detected delivery stride (BFC to FFC)
s_v6,s_v6_seq_22,464,465,RELEASE,0.3,AUTO,Automatically detected delivery arc & ball release window
s_v6,s_v6_seq_22,466,466,FOLLOW_THROUGH,0.44,AUTO,Automatically detected follow-through & deceleration
s_v7,s_v7_seq_01,1,24,RUN_UP,0.96,AUTO,Automatically detected run-up approach
s_v7,s_v7_seq_01,25,32,GATHER,0.94,AUTO,Automatically detected pre-delivery bound / gather
s_v7,s_v7_seq_01,33,39,DELIVERY_STRIDE,0.95,AUTO,Automatically detected delivery stride (BFC to FFC)
s_v7,s_v7_seq_01,40,40,RELEASE,0.67,AUTO,Automatically detected delivery arc & ball release window
s_v7,s_v7_seq_01,41,43,FOLLOW_THROUGH,0.96,AUTO,Automatically detected follow-through & deceleration
s_v7,s_v7_seq_02,46,52,RUN_UP,0.95,AUTO,Automatically detected run-up approach
s_v7,s_v7_seq_02,53,61,GATHER,0.9,AUTO,Automatically detected pre-delivery bound / gather
s_v7,s_v7_seq_02,62,70,DELIVERY_STRIDE,0.95,AUTO,Automatically detected delivery stride (BFC to FFC)
s_v7,s_v7_seq_02,71,74,RELEASE,0.84,AUTO,Automatically detected delivery arc & ball release window
s_v7,s_v7_seq_02,75,78,FOLLOW_THROUGH,0.95,AUTO,Automatically detected follow-through & deceleration
