video_id,sequence_id,start_frame,end_frame,phase_label,label_status
General1,General1_seq_01,1,76,,UNLABELED
General2,General2_seq_01,1,94,,UNLABELED
General2,General2_seq_02,96,99,,UNLABELED
General2,General2_seq_03,101,140,,UNLABELED
General2,General2_seq_04,144,160,,UNLABELED
General2,General2_seq_05,163,177,,UNLABELED
General3,General3_seq_01,1,82,,UNLABELED
General3,General3_seq_02,84,94,,UNLABELED
General3,General3_seq_03,97,97,,UNLABELED
General3,General3_seq_04,101,123,,UNLABELED
General3,General3_seq_05,126,127,,UNLABELED
General3,General3_seq_06,129,130,,UNLABELED
General3,General3_seq_07,134,137,,UNLABELED
General3,General3_seq_08,140,141,,UNLABELED
S_v5,S_v5_seq_01,1,50,,UNLABELED
s_v1,s_v1_seq_01,1,170,,UNLABELED
s_v1,s_v1_seq_02,217,219,,UNLABELED
s_v1,s_v1_seq_03,250,250,,UNLABELED
s_v1,s_v1_seq_04,253,253,,UNLABELED
s_v1,s_v1_seq_05,284,284,,UNLABELED
s_v2,s_v2_seq_01,1,126,,UNLABELED
s_v2,s_v2_seq_02,130,205,,UNLABELED
s_v2,s_v2_seq_03,214,321,,UNLABELED
s_v2,s_v2_seq_04,326,327,,UNLABELED
s_v2,s_v2_seq_05,330,330,,UNLABELED
s_v2,s_v2_seq_06,338,338,,UNLABELED
s_v2,s_v2_seq_07,340,341,,UNLABELED
s_v2,s_v2_seq_08,346,349,,UNLABELED
s_v2,s_v2_seq_09,354,365,,UNLABELED
s_v2,s_v2_seq_10,368,377,,UNLABELED
s_v2,s_v2_seq_11,388,389,,UNLABELED
s_v2,s_v2_seq_12,394,398,,UNLABELED
s_v2,s_v2_seq_13,400,401,,UNLABELED
s_v2,s_v2_seq_14,406,406,,UNLABELED
s_v2,s_v2_seq_15,421,422,,UNLABELED
s_v2,s_v2_seq_16,426,429,,UNLABELED
s_v2,s_v2_seq_17,434,441,,UNLABELED
s_v2,s_v2_seq_18,444,445,,UNLABELED
s_v2,s_v2_seq_19,455,461,,UNLABELED
s_v2,s_v2_seq_20,479,479,,UNLABELED
s_v2,s_v2_seq_21,495,497,,UNLABELED
s_v2,s_v2_seq_22,542,542,,UNLABELED
s_v2,s_v2_seq_23,544,544,,UNLABELED
s_v3,s_v3_seq_01,1,12,,UNLABELED
s_v3,s_v3_seq_02,14,90,,UNLABELED
s_v4,s_v4_seq_01,5,9,,UNLABELED
s_v4,s_v4_seq_02,11,59,,UNLABELED
s_v6,s_v6_seq_01,139,139,,UNLABELED
s_v6,s_v6_seq_02,142,144,,UNLABELED
s_v6,s_v6_seq_03,146,147,,UNLABELED
s_v6,s_v6_seq_04,153,154,,UNLABELED
s_v6,s_v6_seq_05,156,156,,UNLABELED
s_v6,s_v6_seq_06,158,176,,UNLABELED
s_v6,s_v6_seq_07,178,178,,UNLABELED
s_v6,s_v6_seq_08,180,188,,UNLABELED
s_v6,s_v6_seq_09,191,191,,UNLABELED
s_v6,s_v6_seq_10,197,197,,UNLABELED
s_v6,s_v6_seq_11,202,203,,UNLABELED
s_v6,s_v6_seq_12,273,274,,UNLABELED
s_v6,s_v6_seq_13,276,285,,UNLABELED
s_v6,s_v6_seq_14,288,321,,UNLABELED
s_v6,s_v6_seq_15,324,342,,UNLABELED
s_v6,s_v6_seq_16,344,345,,UNLABELED
s_v6,s_v6_seq_17,368,383,,UNLABELED
s_v6,s_v6_seq_18,390,400,,UNLABELED
s_v6,s_v6_seq_19,405,406,,UNLABELED
s_v6,s_v6_seq_20,409,410,,UNLABELED
s_v6,s_v6_seq_21,416,458,,UNLABELED
s_v6,s_v6_seq_22,460,466,,UNLABELED
s_v6,s_v6_seq_23,471,471,,UNLABELED
s_v6,s_v6_seq_24,473,474,,UNLABELED
s_v7,s_v7_seq_01,1,43,,UNLABELED
s_v7,s_v7_seq_02,46,78,,UNLABELED
